Date,Debate_Num,House,Debate_ID,Topic,Probability
2022-01-18,8,eerstekamer,2022-01-18-eerstekamer-8,0,0.7843956
2022-01-18,8,eerstekamer,2022-01-18-eerstekamer-8,2,0.015916144
2022-01-18,8,eerstekamer,2022-01-18-eerstekamer-8,4,0.1931821
2022-01-18,6,tweedekamer,2022-01-18-tweedekamer-6,1,0.010777623
2022-01-18,6,tweedekamer,2022-01-18-tweedekamer-6,2,0.8399468
2022-01-18,6,tweedekamer,2022-01-18-tweedekamer-6,3,0.0788072
2022-01-18,6,tweedekamer,2022-01-18-tweedekamer-6,4,0.07043665
2022-01-18,9,tweedekamer,2022-01-18-tweedekamer-9,0,0.057050798
2022-01-18,9,tweedekamer,2022-01-18-tweedekamer-9,1,0.04340513
2022-01-18,9,tweedekamer,2022-01-18-tweedekamer-9,2,0.81356007
2022-01-18,9,tweedekamer,2022-01-18-tweedekamer-9,3,0.08052561
2022-01-19,3,tweedekamer,2022-01-19-tweedekamer-3,0,0.17790458
2022-01-19,3,tweedekamer,2022-01-19-tweedekamer-3,2,0.7863549
2022-01-19,3,tweedekamer,2022-01-19-tweedekamer-3,3,0.028023114
2022-01-19,6,tweedekamer,2022-01-19-tweedekamer-6,0,0.31880826
2022-01-19,6,tweedekamer,2022-01-19-tweedekamer-6,1,0.037034467
2022-01-19,6,tweedekamer,2022-01-19-tweedekamer-6,2,0.5737373
2022-01-19,6,tweedekamer,2022-01-19-tweedekamer-6,3,0.062044945
2022-01-20,5,tweedekamer,2022-01-20-tweedekamer-5,0,0.9647039
2022-01-20,5,tweedekamer,2022-01-20-tweedekamer-5,4,0.02657978
2022-01-20,9,tweedekamer,2022-01-20-tweedekamer-9,2,0.01651973
2022-01-20,9,tweedekamer,2022-01-20-tweedekamer-9,3,0.9761378
2022-01-25,16,tweedekamer,2022-01-25-tweedekamer-16,1,0.16526861
2022-01-25,16,tweedekamer,2022-01-25-tweedekamer-16,4,0.8319567
2022-01-26,3,tweedekamer,2022-01-26-tweedekamer-3,0,0.21162415
2022-01-26,3,tweedekamer,2022-01-26-tweedekamer-3,1,0.17395268
2022-01-26,3,tweedekamer,2022-01-26-tweedekamer-3,3,0.066711985
2022-01-26,3,tweedekamer,2022-01-26-tweedekamer-3,4,0.54745376
2022-01-26,6,tweedekamer,2022-01-26-tweedekamer-6,3,0.9833715
2022-01-27,3,tweedekamer,2022-01-27-tweedekamer-3,0,0.20588157
2022-01-27,3,tweedekamer,2022-01-27-tweedekamer-3,1,0.42038777
2022-01-27,3,tweedekamer,2022-01-27-tweedekamer-3,4,0.36744705
2022-01-27,4,tweedekamer,2022-01-27-tweedekamer-4,1,0.09774735
2022-01-27,4,tweedekamer,2022-01-27-tweedekamer-4,4,0.8987199
2022-01-27,7,tweedekamer,2022-01-27-tweedekamer-7,1,0.11260028
2022-01-27,7,tweedekamer,2022-01-27-tweedekamer-7,4,0.8852519
2022-01-27,8,tweedekamer,2022-01-27-tweedekamer-8,0,0.024832532
2022-01-27,8,tweedekamer,2022-01-27-tweedekamer-8,1,0.6679614
2022-01-27,8,tweedekamer,2022-01-27-tweedekamer-8,2,0.25714764
2022-01-27,8,tweedekamer,2022-01-27-tweedekamer-8,3,0.02722741
2022-01-27,8,tweedekamer,2022-01-27-tweedekamer-8,4,0.02283103
2022-01-27,9,tweedekamer,2022-01-27-tweedekamer-9,3,0.99715525
2022-02-01,5,eerstekamer,2022-02-01-eerstekamer-5,1,0.050284598
2022-02-01,5,eerstekamer,2022-02-01-eerstekamer-5,4,0.9441564
2022-02-01,23,tweedekamer,2022-02-01-tweedekamer-23,3,0.99585706
2022-02-02,12,tweedekamer,2022-02-02-tweedekamer-12,0,0.11362697
2022-02-02,12,tweedekamer,2022-02-02-tweedekamer-12,1,0.025871657
2022-02-02,12,tweedekamer,2022-02-02-tweedekamer-12,3,0.86038333
2022-02-02,13,tweedekamer,2022-02-02-tweedekamer-13,0,0.011939313
2022-02-02,13,tweedekamer,2022-02-02-tweedekamer-13,1,0.040591866
2022-02-02,13,tweedekamer,2022-02-02-tweedekamer-13,2,0.93986917
2022-02-02,3,tweedekamer,2022-02-02-tweedekamer-3,0,0.54364944
2022-02-02,3,tweedekamer,2022-02-02-tweedekamer-3,4,0.45369762
2022-02-02,4,tweedekamer,2022-02-02-tweedekamer-4,0,0.06994547
2022-02-02,4,tweedekamer,2022-02-02-tweedekamer-4,1,0.11253375
2022-02-02,4,tweedekamer,2022-02-02-tweedekamer-4,2,0.16172592
2022-02-02,4,tweedekamer,2022-02-02-tweedekamer-4,3,0.030547734
2022-02-02,4,tweedekamer,2022-02-02-tweedekamer-4,4,0.6252471
2022-02-02,5,tweedekamer,2022-02-02-tweedekamer-5,0,0.07224953
2022-02-02,5,tweedekamer,2022-02-02-tweedekamer-5,1,0.52590245
2022-02-02,5,tweedekamer,2022-02-02-tweedekamer-5,4,0.40161133
2022-02-02,6,tweedekamer,2022-02-02-tweedekamer-6,3,0.9995514
2022-02-03,10,tweedekamer,2022-02-03-tweedekamer-10,0,0.5321111
2022-02-03,10,tweedekamer,2022-02-03-tweedekamer-10,1,0.46516952
2022-02-03,11,tweedekamer,2022-02-03-tweedekamer-11,1,0.9990169
2022-02-03,12,tweedekamer,2022-02-03-tweedekamer-12,2,0.86709476
2022-02-03,12,tweedekamer,2022-02-03-tweedekamer-12,4,0.13005783
2022-02-03,4,tweedekamer,2022-02-03-tweedekamer-4,0,0.5914376
2022-02-03,4,tweedekamer,2022-02-03-tweedekamer-4,1,0.14060646
2022-02-03,4,tweedekamer,2022-02-03-tweedekamer-4,2,0.26311862
2022-02-03,5,tweedekamer,2022-02-03-tweedekamer-5,0,0.92541426
2022-02-03,5,tweedekamer,2022-02-03-tweedekamer-5,2,0.07288036
2022-02-03,6,tweedekamer,2022-02-03-tweedekamer-6,0,0.99709606
2022-02-03,7,tweedekamer,2022-02-03-tweedekamer-7,0,0.99936473
2022-02-08,11,eerstekamer,2022-02-08-eerstekamer-11,4,0.99007475
2022-02-08,3,eerstekamer,2022-02-08-eerstekamer-3,4,0.9997161
2022-02-08,23,tweedekamer,2022-02-08-tweedekamer-23,0,0.3259877
2022-02-08,23,tweedekamer,2022-02-08-tweedekamer-23,1,0.2625822
2022-02-08,23,tweedekamer,2022-02-08-tweedekamer-23,3,0.13883293
2022-02-08,23,tweedekamer,2022-02-08-tweedekamer-23,4,0.27252594
2022-02-08,24,tweedekamer,2022-02-08-tweedekamer-24,1,0.95778805
2022-02-08,24,tweedekamer,2022-02-08-tweedekamer-24,4,0.032447103
2022-02-08,25,tweedekamer,2022-02-08-tweedekamer-25,0,0.013332351
2022-02-08,25,tweedekamer,2022-02-08-tweedekamer-25,1,0.088987134
2022-02-08,25,tweedekamer,2022-02-08-tweedekamer-25,3,0.82760304
2022-02-08,25,tweedekamer,2022-02-08-tweedekamer-25,4,0.070058145
2022-02-09,2,tweedekamer,2022-02-09-tweedekamer-2,3,0.99575746
2022-02-09,5,tweedekamer,2022-02-09-tweedekamer-5,0,0.8969851
2022-02-09,5,tweedekamer,2022-02-09-tweedekamer-5,1,0.01709064
2022-02-09,5,tweedekamer,2022-02-09-tweedekamer-5,2,0.07325566
2022-02-09,5,tweedekamer,2022-02-09-tweedekamer-5,3,0.01265356
2022-02-10,16,tweedekamer,2022-02-10-tweedekamer-16,0,0.9566686
2022-02-10,16,tweedekamer,2022-02-10-tweedekamer-16,2,0.04310353
2022-02-10,17,tweedekamer,2022-02-10-tweedekamer-17,0,0.02377619
2022-02-10,17,tweedekamer,2022-02-10-tweedekamer-17,1,0.93245465
2022-02-10,17,tweedekamer,2022-02-10-tweedekamer-17,4,0.043459002
2022-02-10,21,tweedekamer,2022-02-10-tweedekamer-21,0,0.63213885
2022-02-10,21,tweedekamer,2022-02-10-tweedekamer-21,1,0.34168154
2022-02-10,21,tweedekamer,2022-02-10-tweedekamer-21,2,0.022985147
2022-02-10,23,tweedekamer,2022-02-10-tweedekamer-23,2,0.99552757
2022-02-10,4,tweedekamer,2022-02-10-tweedekamer-4,0,0.9949959
2022-02-10,5,tweedekamer,2022-02-10-tweedekamer-5,0,0.73706913
2022-02-10,5,tweedekamer,2022-02-10-tweedekamer-5,1,0.24778147
2022-02-10,5,tweedekamer,2022-02-10-tweedekamer-5,2,0.0129462555
2022-02-15,3,eerstekamer,2022-02-15-eerstekamer-3,0,0.03230175
2022-02-15,3,eerstekamer,2022-02-15-eerstekamer-3,1,0.01095179
2022-02-15,3,eerstekamer,2022-02-15-eerstekamer-3,2,0.7254726
2022-02-15,3,eerstekamer,2022-02-15-eerstekamer-3,4,0.22285813
2022-02-15,7,eerstekamer,2022-02-15-eerstekamer-7,0,0.27569583
2022-02-15,7,eerstekamer,2022-02-15-eerstekamer-7,2,0.56185436
2022-02-15,7,eerstekamer,2022-02-15-eerstekamer-7,3,0.013655052
2022-02-15,7,eerstekamer,2022-02-15-eerstekamer-7,4,0.14285077
2022-02-15,21,tweedekamer,2022-02-15-tweedekamer-21,1,0.29449034
2022-02-15,21,tweedekamer,2022-02-15-tweedekamer-21,2,0.10611771
2022-02-15,21,tweedekamer,2022-02-15-tweedekamer-21,3,0.5145714
2022-02-15,21,tweedekamer,2022-02-15-tweedekamer-21,4,0.08428612
2022-02-16,3,tweedekamer,2022-02-16-tweedekamer-3,3,0.9973845
2022-02-17,10,tweedekamer,2022-02-17-tweedekamer-10,0,0.20056358
2022-02-17,10,tweedekamer,2022-02-17-tweedekamer-10,1,0.42148393
2022-02-17,10,tweedekamer,2022-02-17-tweedekamer-10,4,0.37677145
2022-02-17,11,tweedekamer,2022-02-17-tweedekamer-11,0,0.74372405
2022-02-17,11,tweedekamer,2022-02-17-tweedekamer-11,1,0.2555163
2022-02-17,3,tweedekamer,2022-02-17-tweedekamer-3,0,0.64785045
2022-02-17,3,tweedekamer,2022-02-17-tweedekamer-3,1,0.019561496
2022-02-17,3,tweedekamer,2022-02-17-tweedekamer-3,4,0.33211216
2022-02-17,4,tweedekamer,2022-02-17-tweedekamer-4,0,0.25157535
2022-02-17,4,tweedekamer,2022-02-17-tweedekamer-4,1,0.11698332
2022-02-17,4,tweedekamer,2022-02-17-tweedekamer-4,4,0.63107765
2022-02-17,5,tweedekamer,2022-02-17-tweedekamer-5,0,0.33845642
2022-02-17,5,tweedekamer,2022-02-17-tweedekamer-5,2,0.088032305
2022-02-17,5,tweedekamer,2022-02-17-tweedekamer-5,4,0.5729653
2022-02-21,3,eerstekamer,2022-02-21-eerstekamer-3,1,0.020354874
2022-02-21,3,eerstekamer,2022-02-21-eerstekamer-3,4,0.97573924
2022-02-21,4,eerstekamer,2022-02-21-eerstekamer-4,3,0.6590086
2022-02-21,4,eerstekamer,2022-02-21-eerstekamer-4,4,0.34073815
2022-02-21,5,eerstekamer,2022-02-21-eerstekamer-5,3,0.8764929
2022-02-21,5,eerstekamer,2022-02-21-eerstekamer-5,4,0.123277456
2022-02-21,6,eerstekamer,2022-02-21-eerstekamer-6,3,0.89328325
2022-02-21,6,eerstekamer,2022-02-21-eerstekamer-6,4,0.1066527
2022-02-21,7,eerstekamer,2022-02-21-eerstekamer-7,3,0.8294298
2022-02-21,7,eerstekamer,2022-02-21-eerstekamer-7,4,0.17032565
2022-02-22,18,eerstekamer,2022-02-22-eerstekamer-18,1,0.115221925
2022-02-22,18,eerstekamer,2022-02-22-eerstekamer-18,3,0.045061655
2022-02-22,18,eerstekamer,2022-02-22-eerstekamer-18,4,0.8396724
2022-02-22,20,eerstekamer,2022-02-22-eerstekamer-20,0,0.80066264
2022-02-22,20,eerstekamer,2022-02-22-eerstekamer-20,4,0.1952346
2022-02-22,21,eerstekamer,2022-02-22-eerstekamer-21,1,0.02884869
2022-02-22,21,eerstekamer,2022-02-22-eerstekamer-21,3,0.07665568
2022-02-22,21,eerstekamer,2022-02-22-eerstekamer-21,4,0.8944323
2022-02-22,3,eerstekamer,2022-02-22-eerstekamer-3,0,0.8812349
2022-02-22,3,eerstekamer,2022-02-22-eerstekamer-3,4,0.116641924
2022-02-22,4,eerstekamer,2022-02-22-eerstekamer-4,3,0.03073512
2022-02-22,4,eerstekamer,2022-02-22-eerstekamer-4,4,0.9689343
2022-02-22,15,tweedekamer,2022-02-22-tweedekamer-15,0,0.16411203
2022-02-22,15,tweedekamer,2022-02-22-tweedekamer-15,1,0.2978978
2022-02-22,15,tweedekamer,2022-02-22-tweedekamer-15,2,0.53792137
2022-02-22,16,tweedekamer,2022-02-22-tweedekamer-16,1,0.6871464
2022-02-22,16,tweedekamer,2022-02-22-tweedekamer-16,3,0.2786285
2022-02-22,16,tweedekamer,2022-02-22-tweedekamer-16,4,0.027226226
2022-02-23,2,tweedekamer,2022-02-23-tweedekamer-2,0,0.7049352
2022-02-23,2,tweedekamer,2022-02-23-tweedekamer-2,2,0.2944998
2022-02-23,5,tweedekamer,2022-02-23-tweedekamer-5,0,0.9316671
2022-02-23,5,tweedekamer,2022-02-23-tweedekamer-5,2,0.066367686
2022-02-23,6,tweedekamer,2022-02-23-tweedekamer-6,0,0.08136613
2022-02-23,6,tweedekamer,2022-02-23-tweedekamer-6,2,0.91015106
2022-02-24,4,tweedekamer,2022-02-24-tweedekamer-4,0,0.25794932
2022-02-24,4,tweedekamer,2022-02-24-tweedekamer-4,1,0.019959576
2022-02-24,4,tweedekamer,2022-02-24-tweedekamer-4,3,0.72192764
2022-02-24,5,tweedekamer,2022-02-24-tweedekamer-5,1,0.023182215
2022-02-24,5,tweedekamer,2022-02-24-tweedekamer-5,3,0.96934277
2022-02-28,3,tweedekamer,2022-02-28-tweedekamer-3,2,0.8430146
2022-02-28,3,tweedekamer,2022-02-28-tweedekamer-3,4,0.1535115
2022-03-08,3,eerstekamer,2022-03-08-eerstekamer-3,0,0.6367743
2022-03-08,3,eerstekamer,2022-03-08-eerstekamer-3,2,0.31528702
2022-03-08,3,eerstekamer,2022-03-08-eerstekamer-3,4,0.047873292
2022-03-08,6,eerstekamer,2022-03-08-eerstekamer-6,0,0.5748862
2022-03-08,6,eerstekamer,2022-03-08-eerstekamer-6,2,0.2829638
2022-03-08,6,eerstekamer,2022-03-08-eerstekamer-6,4,0.14212078
2022-03-08,18,tweedekamer,2022-03-08-tweedekamer-18,0,0.9996515
2022-03-08,19,tweedekamer,2022-03-08-tweedekamer-19,0,0.973045
2022-03-08,19,tweedekamer,2022-03-08-tweedekamer-19,4,0.026352962
2022-03-08,20,tweedekamer,2022-03-08-tweedekamer-20,0,0.9994576
2022-03-08,22,tweedekamer,2022-03-08-tweedekamer-22,0,0.4211587
2022-03-08,22,tweedekamer,2022-03-08-tweedekamer-22,1,0.5104614
2022-03-08,22,tweedekamer,2022-03-08-tweedekamer-22,2,0.068276644
2022-03-08,23,tweedekamer,2022-03-08-tweedekamer-23,1,0.9439579
2022-03-08,23,tweedekamer,2022-03-08-tweedekamer-23,2,0.046761014
2022-03-09,3,tweedekamer,2022-03-09-tweedekamer-3,0,0.07999718
2022-03-09,3,tweedekamer,2022-03-09-tweedekamer-3,1,0.91954464
2022-03-09,4,tweedekamer,2022-03-09-tweedekamer-4,0,0.45914263
2022-03-09,4,tweedekamer,2022-03-09-tweedekamer-4,1,0.2678139
2022-03-09,4,tweedekamer,2022-03-09-tweedekamer-4,2,0.11518638
2022-03-09,4,tweedekamer,2022-03-09-tweedekamer-4,3,0.05364477
2022-03-09,4,tweedekamer,2022-03-09-tweedekamer-4,4,0.10421233
2022-03-09,5,tweedekamer,2022-03-09-tweedekamer-5,1,0.02567095
2022-03-09,5,tweedekamer,2022-03-09-tweedekamer-5,2,0.123769775
2022-03-09,5,tweedekamer,2022-03-09-tweedekamer-5,3,0.759425
2022-03-09,5,tweedekamer,2022-03-09-tweedekamer-5,4,0.089353256
2022-03-09,8,tweedekamer,2022-03-09-tweedekamer-8,0,0.02243502
2022-03-09,8,tweedekamer,2022-03-09-tweedekamer-8,1,0.1721629
2022-03-09,8,tweedekamer,2022-03-09-tweedekamer-8,2,0.032977376
2022-03-09,8,tweedekamer,2022-03-09-tweedekamer-8,3,0.6483021
2022-03-09,8,tweedekamer,2022-03-09-tweedekamer-8,4,0.12412265
2022-03-09,9,tweedekamer,2022-03-09-tweedekamer-9,1,0.17655924
2022-03-09,9,tweedekamer,2022-03-09-tweedekamer-9,4,0.820153
2022-03-10,12,tweedekamer,2022-03-10-tweedekamer-12,0,0.020024357
2022-03-10,12,tweedekamer,2022-03-10-tweedekamer-12,2,0.8835564
2022-03-10,12,tweedekamer,2022-03-10-tweedekamer-12,4,0.092351414
2022-03-10,3,tweedekamer,2022-03-10-tweedekamer-3,0,0.30573943
2022-03-10,3,tweedekamer,2022-03-10-tweedekamer-3,1,0.027486099
2022-03-10,3,tweedekamer,2022-03-10-tweedekamer-3,3,0.53040165
2022-03-10,3,tweedekamer,2022-03-10-tweedekamer-3,4,0.13626453
2022-03-10,4,tweedekamer,2022-03-10-tweedekamer-4,1,0.033356473
2022-03-10,4,tweedekamer,2022-03-10-tweedekamer-4,3,0.96498847
2022-03-10,8,tweedekamer,2022-03-10-tweedekamer-8,0,0.42514387
2022-03-10,8,tweedekamer,2022-03-10-tweedekamer-8,2,0.22852889
2022-03-10,8,tweedekamer,2022-03-10-tweedekamer-8,4,0.34593025
2022-03-10,9,tweedekamer,2022-03-10-tweedekamer-9,0,0.990945
2022-03-15,11,eerstekamer,2022-03-15-eerstekamer-11,1,0.04698068
2022-03-15,11,eerstekamer,2022-03-15-eerstekamer-11,4,0.9525803
2022-03-15,12,eerstekamer,2022-03-15-eerstekamer-12,0,0.057668053
2022-03-15,12,eerstekamer,2022-03-15-eerstekamer-12,2,0.83281475
2022-03-15,12,eerstekamer,2022-03-15-eerstekamer-12,4,0.10856975
2022-03-15,5,eerstekamer,2022-03-15-eerstekamer-5,0,0.07087079
2022-03-15,5,eerstekamer,2022-03-15-eerstekamer-5,1,0.036740907
2022-03-15,5,eerstekamer,2022-03-15-eerstekamer-5,4,0.891402
2022-03-15,32,tweedekamer,2022-03-15-tweedekamer-32,0,0.8766612
2022-03-15,32,tweedekamer,2022-03-15-tweedekamer-32,1,0.0120126335
2022-03-15,32,tweedekamer,2022-03-15-tweedekamer-32,3,0.11113232
2022-03-15,33,tweedekamer,2022-03-15-tweedekamer-33,0,0.99909776
2022-03-15,34,tweedekamer,2022-03-15-tweedekamer-34,0,0.99897915
2022-03-15,35,tweedekamer,2022-03-15-tweedekamer-35,0,0.9997078
2022-03-15,36,tweedekamer,2022-03-15-tweedekamer-36,0,0.973722
2022-03-15,36,tweedekamer,2022-03-15-tweedekamer-36,1,0.026073307
2022-03-15,37,tweedekamer,2022-03-15-tweedekamer-37,0,0.999535
2022-03-15,38,tweedekamer,2022-03-15-tweedekamer-38,0,0.99913985
2022-03-17,6,tweedekamer,2022-03-17-tweedekamer-6,1,0.68903065
2022-03-17,6,tweedekamer,2022-03-17-tweedekamer-6,3,0.31017303
2022-03-17,7,tweedekamer,2022-03-17-tweedekamer-7,0,0.33087814
2022-03-17,7,tweedekamer,2022-03-17-tweedekamer-7,1,0.098965086
2022-03-17,7,tweedekamer,2022-03-17-tweedekamer-7,3,0.56483483
2022-03-17,8,tweedekamer,2022-03-17-tweedekamer-8,0,0.9474544
2022-03-17,8,tweedekamer,2022-03-17-tweedekamer-8,3,0.052291203
2022-03-22,25,tweedekamer,2022-03-22-tweedekamer-25,2,0.9986034
2022-03-23,3,tweedekamer,2022-03-23-tweedekamer-3,0,0.98774296
2022-03-23,4,tweedekamer,2022-03-23-tweedekamer-4,1,0.017351933
2022-03-23,4,tweedekamer,2022-03-23-tweedekamer-4,2,0.9823139
2022-03-23,7,tweedekamer,2022-03-23-tweedekamer-7,2,0.9960826
2022-03-23,8,tweedekamer,2022-03-23-tweedekamer-8,0,0.021449579
2022-03-23,8,tweedekamer,2022-03-23-tweedekamer-8,2,0.5834384
2022-03-23,8,tweedekamer,2022-03-23-tweedekamer-8,4,0.39417735
2022-03-24,10,tweedekamer,2022-03-24-tweedekamer-10,1,0.96333903
2022-03-24,10,tweedekamer,2022-03-24-tweedekamer-10,3,0.012092689
2022-03-24,10,tweedekamer,2022-03-24-tweedekamer-10,4,0.02452127
2022-03-24,3,tweedekamer,2022-03-24-tweedekamer-3,1,0.15911199
2022-03-24,3,tweedekamer,2022-03-24-tweedekamer-3,3,0.0145278415
2022-03-24,3,tweedekamer,2022-03-24-tweedekamer-3,4,0.821311
2022-03-24,4,tweedekamer,2022-03-24-tweedekamer-4,0,0.35790113
2022-03-24,4,tweedekamer,2022-03-24-tweedekamer-4,3,0.4184922
2022-03-24,4,tweedekamer,2022-03-24-tweedekamer-4,4,0.22209238
2022-03-24,9,tweedekamer,2022-03-24-tweedekamer-9,1,0.9332768
2022-03-24,9,tweedekamer,2022-03-24-tweedekamer-9,2,0.019723136
2022-03-24,9,tweedekamer,2022-03-24-tweedekamer-9,3,0.029821062
2022-03-24,9,tweedekamer,2022-03-24-tweedekamer-9,4,0.0142284995
2022-03-29,18,tweedekamer,2022-03-29-tweedekamer-18,0,0.1712853
2022-03-29,18,tweedekamer,2022-03-29-tweedekamer-18,1,0.77067655
2022-03-29,18,tweedekamer,2022-03-29-tweedekamer-18,2,0.05790956
2022-03-29,19,tweedekamer,2022-03-29-tweedekamer-19,0,0.80347675
2022-03-29,19,tweedekamer,2022-03-29-tweedekamer-19,1,0.17277493
2022-03-29,19,tweedekamer,2022-03-29-tweedekamer-19,3,0.016238283
2022-03-29,20,tweedekamer,2022-03-29-tweedekamer-20,0,0.09910696
2022-03-29,20,tweedekamer,2022-03-29-tweedekamer-20,1,0.9006216
2022-03-30,10,tweedekamer,2022-03-30-tweedekamer-10,0,0.5583125
2022-03-30,10,tweedekamer,2022-03-30-tweedekamer-10,2,0.43965596
2022-03-30,11,tweedekamer,2022-03-30-tweedekamer-11,0,0.605309
2022-03-30,11,tweedekamer,2022-03-30-tweedekamer-11,1,0.13870731
2022-03-30,11,tweedekamer,2022-03-30-tweedekamer-11,2,0.25488278
2022-03-30,12,tweedekamer,2022-03-30-tweedekamer-12,0,0.45639595
2022-03-30,12,tweedekamer,2022-03-30-tweedekamer-12,1,0.25459456
2022-03-30,12,tweedekamer,2022-03-30-tweedekamer-12,2,0.16229297
2022-03-30,12,tweedekamer,2022-03-30-tweedekamer-12,4,0.12220215
2022-03-30,13,tweedekamer,2022-03-30-tweedekamer-13,0,0.2985235
2022-03-30,13,tweedekamer,2022-03-30-tweedekamer-13,2,0.69719756
2022-03-30,2,tweedekamer,2022-03-30-tweedekamer-2,1,0.09740709
2022-03-30,2,tweedekamer,2022-03-30-tweedekamer-2,3,0.011032242
2022-03-30,2,tweedekamer,2022-03-30-tweedekamer-2,4,0.8912742
2022-03-30,5,tweedekamer,2022-03-30-tweedekamer-5,1,0.3931064
2022-03-30,5,tweedekamer,2022-03-30-tweedekamer-5,4,0.60596
2022-03-30,6,tweedekamer,2022-03-30-tweedekamer-6,1,0.112733595
2022-03-30,6,tweedekamer,2022-03-30-tweedekamer-6,4,0.8768536
2022-03-30,7,tweedekamer,2022-03-30-tweedekamer-7,1,0.33984584
2022-03-30,7,tweedekamer,2022-03-30-tweedekamer-7,2,0.013277625
2022-03-30,7,tweedekamer,2022-03-30-tweedekamer-7,4,0.64546645
2022-03-30,8,tweedekamer,2022-03-30-tweedekamer-8,1,0.35332504
2022-03-30,8,tweedekamer,2022-03-30-tweedekamer-8,4,0.6445492
2022-03-30,9,tweedekamer,2022-03-30-tweedekamer-9,1,0.73360026
2022-03-30,9,tweedekamer,2022-03-30-tweedekamer-9,2,0.03337788
2022-03-30,9,tweedekamer,2022-03-30-tweedekamer-9,3,0.20496574
2022-03-30,9,tweedekamer,2022-03-30-tweedekamer-9,4,0.019350844
2022-03-31,12,tweedekamer,2022-03-31-tweedekamer-12,2,0.9538564
2022-03-31,12,tweedekamer,2022-03-31-tweedekamer-12,3,0.010518638
2022-03-31,12,tweedekamer,2022-03-31-tweedekamer-12,4,0.034340017
2022-03-31,13,tweedekamer,2022-03-31-tweedekamer-13,1,0.49807426
2022-03-31,13,tweedekamer,2022-03-31-tweedekamer-13,2,0.39056808
2022-03-31,13,tweedekamer,2022-03-31-tweedekamer-13,3,0.10028216
2022-03-31,13,tweedekamer,2022-03-31-tweedekamer-13,4,0.011014141
2022-03-31,14,tweedekamer,2022-03-31-tweedekamer-14,0,0.019597631
2022-03-31,14,tweedekamer,2022-03-31-tweedekamer-14,1,0.03861687
2022-03-31,14,tweedekamer,2022-03-31-tweedekamer-14,2,0.8040564
2022-03-31,14,tweedekamer,2022-03-31-tweedekamer-14,3,0.028452797
2022-03-31,14,tweedekamer,2022-03-31-tweedekamer-14,4,0.10927633
2022-03-31,4,tweedekamer,2022-03-31-tweedekamer-4,2,0.8379002
2022-03-31,4,tweedekamer,2022-03-31-tweedekamer-4,4,0.15239139
2022-03-31,5,tweedekamer,2022-03-31-tweedekamer-5,0,0.2725656
2022-03-31,5,tweedekamer,2022-03-31-tweedekamer-5,1,0.022712493
2022-03-31,5,tweedekamer,2022-03-31-tweedekamer-5,2,0.6930543
2022-03-31,5,tweedekamer,2022-03-31-tweedekamer-5,4,0.011547647
2022-03-31,6,tweedekamer,2022-03-31-tweedekamer-6,0,0.3665489
2022-03-31,6,tweedekamer,2022-03-31-tweedekamer-6,2,0.4404796
2022-03-31,6,tweedekamer,2022-03-31-tweedekamer-6,4,0.19213644
2022-04-05,30,tweedekamer,2022-04-05-tweedekamer-30,0,0.589193
2022-04-05,30,tweedekamer,2022-04-05-tweedekamer-30,1,0.40196416
2022-04-05,31,tweedekamer,2022-04-05-tweedekamer-31,1,0.9809057
2022-04-05,32,tweedekamer,2022-04-05-tweedekamer-32,1,0.98745817
2022-04-05,32,tweedekamer,2022-04-05-tweedekamer-32,4,0.012491566
2022-04-06,10,tweedekamer,2022-04-06-tweedekamer-10,1,0.85708076
2022-04-06,10,tweedekamer,2022-04-06-tweedekamer-10,4,0.14268552
2022-04-06,11,tweedekamer,2022-04-06-tweedekamer-11,1,0.29303443
2022-04-06,11,tweedekamer,2022-04-06-tweedekamer-11,2,0.16991238
2022-04-06,11,tweedekamer,2022-04-06-tweedekamer-11,3,0.53698725
2022-04-06,3,tweedekamer,2022-04-06-tweedekamer-3,0,0.9996895
2022-04-06,4,tweedekamer,2022-04-06-tweedekamer-4,0,0.9584506
2022-04-06,4,tweedekamer,2022-04-06-tweedekamer-4,2,0.041392505
2022-04-06,5,tweedekamer,2022-04-06-tweedekamer-5,0,0.99971867
2022-04-06,6,tweedekamer,2022-04-06-tweedekamer-6,1,0.99286383
2022-04-06,9,tweedekamer,2022-04-06-tweedekamer-9,1,0.9943535
2022-04-07,3,tweedekamer,2022-04-07-tweedekamer-3,2,0.028902695
2022-04-07,3,tweedekamer,2022-04-07-tweedekamer-3,3,0.9709533
2022-04-07,9,tweedekamer,2022-04-07-tweedekamer-9,3,0.99631435
2022-04-12,23,tweedekamer,2022-04-12-tweedekamer-23,0,0.042921048
2022-04-12,23,tweedekamer,2022-04-12-tweedekamer-23,1,0.8574207
2022-04-12,23,tweedekamer,2022-04-12-tweedekamer-23,3,0.09804614
2022-04-12,24,tweedekamer,2022-04-12-tweedekamer-24,1,0.982405
2022-04-12,24,tweedekamer,2022-04-12-tweedekamer-24,4,0.012283585
2022-04-13,10,tweedekamer,2022-04-13-tweedekamer-10,0,0.026676927
2022-04-13,10,tweedekamer,2022-04-13-tweedekamer-10,1,0.9729812
2022-04-13,11,tweedekamer,2022-04-13-tweedekamer-11,1,0.115385
2022-04-13,11,tweedekamer,2022-04-13-tweedekamer-11,2,0.16107334
2022-04-13,11,tweedekamer,2022-04-13-tweedekamer-11,3,0.41338277
2022-04-13,11,tweedekamer,2022-04-13-tweedekamer-11,4,0.3101485
2022-04-13,3,tweedekamer,2022-04-13-tweedekamer-3,0,0.6978183
2022-04-13,3,tweedekamer,2022-04-13-tweedekamer-3,1,0.15414448
2022-04-13,3,tweedekamer,2022-04-13-tweedekamer-3,3,0.14136739
2022-04-13,4,tweedekamer,2022-04-13-tweedekamer-4,0,0.9980711
2022-04-13,5,tweedekamer,2022-04-13-tweedekamer-5,0,0.9992515
2022-04-13,6,tweedekamer,2022-04-13-tweedekamer-6,0,0.28871047
2022-04-13,6,tweedekamer,2022-04-13-tweedekamer-6,1,0.050394945
2022-04-13,6,tweedekamer,2022-04-13-tweedekamer-6,2,0.036786865
2022-04-13,6,tweedekamer,2022-04-13-tweedekamer-6,3,0.013312016
2022-04-13,6,tweedekamer,2022-04-13-tweedekamer-6,4,0.6107956
2022-04-13,9,tweedekamer,2022-04-13-tweedekamer-9,0,0.30809873
2022-04-13,9,tweedekamer,2022-04-13-tweedekamer-9,1,0.18934582
2022-04-13,9,tweedekamer,2022-04-13-tweedekamer-9,4,0.49387118
2022-04-14,10,tweedekamer,2022-04-14-tweedekamer-10,1,0.99977463
2022-04-14,11,tweedekamer,2022-04-14-tweedekamer-11,1,0.85159445
2022-04-14,11,tweedekamer,2022-04-14-tweedekamer-11,4,0.14661354
2022-04-14,12,tweedekamer,2022-04-14-tweedekamer-12,0,0.31220254
2022-04-14,12,tweedekamer,2022-04-14-tweedekamer-12,1,0.33719775
2022-04-14,12,tweedekamer,2022-04-14-tweedekamer-12,4,0.35020635
2022-04-14,13,tweedekamer,2022-04-14-tweedekamer-13,0,0.1457224
2022-04-14,13,tweedekamer,2022-04-14-tweedekamer-13,1,0.65726817
2022-04-14,13,tweedekamer,2022-04-14-tweedekamer-13,4,0.19486873
2022-04-14,14,tweedekamer,2022-04-14-tweedekamer-14,1,0.6526811
2022-04-14,14,tweedekamer,2022-04-14-tweedekamer-14,4,0.3414438
2022-04-14,15,tweedekamer,2022-04-14-tweedekamer-15,0,0.6181561
2022-04-14,15,tweedekamer,2022-04-14-tweedekamer-15,1,0.3815609
2022-04-14,16,tweedekamer,2022-04-14-tweedekamer-16,0,0.38566834
2022-04-14,16,tweedekamer,2022-04-14-tweedekamer-16,1,0.48998523
2022-04-14,16,tweedekamer,2022-04-14-tweedekamer-16,3,0.11654648
2022-04-14,17,tweedekamer,2022-04-14-tweedekamer-17,0,0.44954115
2022-04-14,17,tweedekamer,2022-04-14-tweedekamer-17,1,0.29812163
2022-04-14,17,tweedekamer,2022-04-14-tweedekamer-17,3,0.08689236
2022-04-14,17,tweedekamer,2022-04-14-tweedekamer-17,4,0.16537583
2022-04-14,18,tweedekamer,2022-04-14-tweedekamer-18,0,0.4347446
2022-04-14,18,tweedekamer,2022-04-14-tweedekamer-18,1,0.38342962
2022-04-14,18,tweedekamer,2022-04-14-tweedekamer-18,4,0.17901024
2022-04-14,19,tweedekamer,2022-04-14-tweedekamer-19,1,0.5329628
2022-04-14,19,tweedekamer,2022-04-14-tweedekamer-19,4,0.46412733
2022-04-14,5,tweedekamer,2022-04-14-tweedekamer-5,0,0.4392555
2022-04-14,5,tweedekamer,2022-04-14-tweedekamer-5,1,0.51211804
2022-04-14,5,tweedekamer,2022-04-14-tweedekamer-5,3,0.048505224
2022-04-14,6,tweedekamer,2022-04-14-tweedekamer-6,1,0.9721784
2022-04-14,6,tweedekamer,2022-04-14-tweedekamer-6,2,0.015499667
2022-04-14,6,tweedekamer,2022-04-14-tweedekamer-6,3,0.0116249705
2022-04-14,9,tweedekamer,2022-04-14-tweedekamer-9,1,0.992342
2022-04-19,6,eerstekamer,2022-04-19-eerstekamer-6,0,0.3762838
2022-04-19,6,eerstekamer,2022-04-19-eerstekamer-6,1,0.030584635
2022-04-19,6,eerstekamer,2022-04-19-eerstekamer-6,3,0.33770666
2022-04-19,6,eerstekamer,2022-04-19-eerstekamer-6,4,0.25541943
2022-04-19,41,tweedekamer,2022-04-19-tweedekamer-41,0,0.099365436
2022-04-19,41,tweedekamer,2022-04-19-tweedekamer-41,1,0.7615005
2022-04-19,41,tweedekamer,2022-04-19-tweedekamer-41,2,0.13901679
2022-04-19,42,tweedekamer,2022-04-19-tweedekamer-42,0,0.07859143
2022-04-19,42,tweedekamer,2022-04-19-tweedekamer-42,1,0.5981499
2022-04-19,42,tweedekamer,2022-04-19-tweedekamer-42,2,0.32306787
2022-04-19,43,tweedekamer,2022-04-19-tweedekamer-43,0,0.999418
2022-04-19,44,tweedekamer,2022-04-19-tweedekamer-44,0,0.9998994
2022-04-19,45,tweedekamer,2022-04-19-tweedekamer-45,0,0.9994429
2022-04-19,46,tweedekamer,2022-04-19-tweedekamer-46,0,0.99978644
2022-04-20,11,tweedekamer,2022-04-20-tweedekamer-11,1,0.044391066
2022-04-20,11,tweedekamer,2022-04-20-tweedekamer-11,4,0.9554098
2022-04-20,12,tweedekamer,2022-04-20-tweedekamer-12,0,0.1926889
2022-04-20,12,tweedekamer,2022-04-20-tweedekamer-12,1,0.6288121
2022-04-20,12,tweedekamer,2022-04-20-tweedekamer-12,3,0.17741662
2022-04-20,13,tweedekamer,2022-04-20-tweedekamer-13,1,0.9416506
2022-04-20,13,tweedekamer,2022-04-20-tweedekamer-13,3,0.047118608
2022-04-20,13,tweedekamer,2022-04-20-tweedekamer-13,4,0.0111796195
2022-04-20,14,tweedekamer,2022-04-20-tweedekamer-14,0,0.28270775
2022-04-20,14,tweedekamer,2022-04-20-tweedekamer-14,1,0.703929
2022-04-20,15,tweedekamer,2022-04-20-tweedekamer-15,1,0.07505718
2022-04-20,15,tweedekamer,2022-04-20-tweedekamer-15,3,0.07411023
2022-04-20,15,tweedekamer,2022-04-20-tweedekamer-15,4,0.8488921
2022-04-20,3,tweedekamer,2022-04-20-tweedekamer-3,0,0.99346083
2022-04-20,4,tweedekamer,2022-04-20-tweedekamer-4,0,0.99973077
2022-04-20,5,tweedekamer,2022-04-20-tweedekamer-5,0,0.99959075
2022-04-20,6,tweedekamer,2022-04-20-tweedekamer-6,0,0.99951017
2022-04-20,7,tweedekamer,2022-04-20-tweedekamer-7,0,0.048209485
2022-04-20,7,tweedekamer,2022-04-20-tweedekamer-7,1,0.587289
2022-04-20,7,tweedekamer,2022-04-20-tweedekamer-7,4,0.35997877
2022-04-20,8,tweedekamer,2022-04-20-tweedekamer-8,1,0.07013347
2022-04-20,8,tweedekamer,2022-04-20-tweedekamer-8,3,0.017577846
2022-04-20,8,tweedekamer,2022-04-20-tweedekamer-8,4,0.90637755
2022-04-21,10,tweedekamer,2022-04-21-tweedekamer-10,0,0.10024765
2022-04-21,10,tweedekamer,2022-04-21-tweedekamer-10,1,0.04594217
2022-04-21,10,tweedekamer,2022-04-21-tweedekamer-10,2,0.74236774
2022-04-21,10,tweedekamer,2022-04-21-tweedekamer-10,4,0.10294533
2022-04-21,4,tweedekamer,2022-04-21-tweedekamer-4,1,0.8230001
2022-04-21,4,tweedekamer,2022-04-21-tweedekamer-4,2,0.17260014
2022-04-21,8,tweedekamer,2022-04-21-tweedekamer-8,1,0.97887856
2022-04-21,8,tweedekamer,2022-04-21-tweedekamer-8,2,0.0144631835
2022-04-21,9,tweedekamer,2022-04-21-tweedekamer-9,0,0.43343413
2022-04-21,9,tweedekamer,2022-04-21-tweedekamer-9,2,0.38388303
2022-04-21,9,tweedekamer,2022-04-21-tweedekamer-9,4,0.17740048
2022-05-10,32,tweedekamer,2022-05-10-tweedekamer-32,0,0.7736333
2022-05-10,32,tweedekamer,2022-05-10-tweedekamer-32,1,0.053893503
2022-05-10,32,tweedekamer,2022-05-10-tweedekamer-32,2,0.059529305
2022-05-10,32,tweedekamer,2022-05-10-tweedekamer-32,3,0.038329426
2022-05-10,32,tweedekamer,2022-05-10-tweedekamer-32,4,0.0746145
2022-05-10,33,tweedekamer,2022-05-10-tweedekamer-33,0,0.1447064
2022-05-10,33,tweedekamer,2022-05-10-tweedekamer-33,2,0.82661
2022-05-10,33,tweedekamer,2022-05-10-tweedekamer-33,4,0.021781974
2022-05-11,10,tweedekamer,2022-05-11-tweedekamer-10,1,0.6092006
2022-05-11,10,tweedekamer,2022-05-11-tweedekamer-10,3,0.38826346
2022-05-11,11,tweedekamer,2022-05-11-tweedekamer-11,0,0.13101695
2022-05-11,11,tweedekamer,2022-05-11-tweedekamer-11,1,0.7616032
2022-05-11,11,tweedekamer,2022-05-11-tweedekamer-11,2,0.106258236
2022-05-11,12,tweedekamer,2022-05-11-tweedekamer-12,1,0.7126033
2022-05-11,12,tweedekamer,2022-05-11-tweedekamer-12,2,0.28707898
2022-05-11,3,tweedekamer,2022-05-11-tweedekamer-3,0,0.98703873
2022-05-11,3,tweedekamer,2022-05-11-tweedekamer-3,4,0.010068999
2022-05-11,4,tweedekamer,2022-05-11-tweedekamer-4,0,0.84765255
2022-05-11,4,tweedekamer,2022-05-11-tweedekamer-4,1,0.14717898
2022-05-11,5,tweedekamer,2022-05-11-tweedekamer-5,1,0.44185564
2022-05-11,5,tweedekamer,2022-05-11-tweedekamer-5,2,0.50544477
2022-05-11,5,tweedekamer,2022-05-11-tweedekamer-5,3,0.0106210075
2022-05-11,5,tweedekamer,2022-05-11-tweedekamer-5,4,0.042038158
2022-05-11,9,tweedekamer,2022-05-11-tweedekamer-9,0,0.20331281
2022-05-11,9,tweedekamer,2022-05-11-tweedekamer-9,1,0.7721633
2022-05-11,9,tweedekamer,2022-05-11-tweedekamer-9,3,0.024251737
2022-05-12,3,tweedekamer,2022-05-12-tweedekamer-3,0,0.01830027
2022-05-12,3,tweedekamer,2022-05-12-tweedekamer-3,1,0.78640604
2022-05-12,3,tweedekamer,2022-05-12-tweedekamer-3,2,0.112347
2022-05-12,3,tweedekamer,2022-05-12-tweedekamer-3,3,0.056349367
2022-05-12,3,tweedekamer,2022-05-12-tweedekamer-3,4,0.026597325
2022-05-12,6,tweedekamer,2022-05-12-tweedekamer-6,0,0.22303583
2022-05-12,6,tweedekamer,2022-05-12-tweedekamer-6,1,0.7698159
2022-05-17,3,eerstekamer,2022-05-17-eerstekamer-3,3,0.6069388
2022-05-17,3,eerstekamer,2022-05-17-eerstekamer-3,4,0.3929513
2022-05-17,6,eerstekamer,2022-05-17-eerstekamer-6,3,0.80821645
2022-05-17,6,eerstekamer,2022-05-17-eerstekamer-6,4,0.19087912
2022-05-17,21,tweedekamer,2022-05-17-tweedekamer-21,0,0.73761284
2022-05-17,21,tweedekamer,2022-05-17-tweedekamer-21,1,0.26221496
2022-05-17,22,tweedekamer,2022-05-17-tweedekamer-22,0,0.54268163
2022-05-17,22,tweedekamer,2022-05-17-tweedekamer-22,3,0.45213446
2022-05-18,10,tweedekamer,2022-05-18-tweedekamer-10,1,0.06423859
2022-05-18,10,tweedekamer,2022-05-18-tweedekamer-10,3,0.122458726
2022-05-18,10,tweedekamer,2022-05-18-tweedekamer-10,4,0.8108349
2022-05-18,3,tweedekamer,2022-05-18-tweedekamer-3,0,0.121091254
2022-05-18,3,tweedekamer,2022-05-18-tweedekamer-3,1,0.060523573
2022-05-18,3,tweedekamer,2022-05-18-tweedekamer-3,2,0.586223
2022-05-18,3,tweedekamer,2022-05-18-tweedekamer-3,4,0.22726087
2022-05-18,6,tweedekamer,2022-05-18-tweedekamer-6,0,0.058333796
2022-05-18,6,tweedekamer,2022-05-18-tweedekamer-6,1,0.2714935
2022-05-18,6,tweedekamer,2022-05-18-tweedekamer-6,2,0.45612133
2022-05-18,6,tweedekamer,2022-05-18-tweedekamer-6,3,0.034696132
2022-05-18,6,tweedekamer,2022-05-18-tweedekamer-6,4,0.17935525
2022-05-18,8,tweedekamer,2022-05-18-tweedekamer-8,1,0.4974627
2022-05-18,8,tweedekamer,2022-05-18-tweedekamer-8,2,0.50231004
2022-05-18,9,tweedekamer,2022-05-18-tweedekamer-9,0,0.06849254
2022-05-18,9,tweedekamer,2022-05-18-tweedekamer-9,1,0.8899044
2022-05-18,9,tweedekamer,2022-05-18-tweedekamer-9,3,0.041269615
2022-05-19,10,tweedekamer,2022-05-19-tweedekamer-10,0,0.3920165
2022-05-19,10,tweedekamer,2022-05-19-tweedekamer-10,1,0.20005077
2022-05-19,10,tweedekamer,2022-05-19-tweedekamer-10,3,0.40673977
2022-05-19,11,tweedekamer,2022-05-19-tweedekamer-11,0,0.04678149
2022-05-19,11,tweedekamer,2022-05-19-tweedekamer-11,1,0.7618283
2022-05-19,11,tweedekamer,2022-05-19-tweedekamer-11,2,0.013793759
2022-05-19,11,tweedekamer,2022-05-19-tweedekamer-11,3,0.09642954
2022-05-19,11,tweedekamer,2022-05-19-tweedekamer-11,4,0.081166916
2022-05-19,3,tweedekamer,2022-05-19-tweedekamer-3,0,0.03142016
2022-05-19,3,tweedekamer,2022-05-19-tweedekamer-3,2,0.12583824
2022-05-19,3,tweedekamer,2022-05-19-tweedekamer-3,3,0.78800935
2022-05-19,3,tweedekamer,2022-05-19-tweedekamer-3,4,0.045449637
2022-05-19,6,tweedekamer,2022-05-19-tweedekamer-6,2,0.11674909
2022-05-19,6,tweedekamer,2022-05-19-tweedekamer-6,3,0.866772
2022-05-19,7,tweedekamer,2022-05-19-tweedekamer-7,0,0.999747
2022-05-24,10,eerstekamer,2022-05-24-eerstekamer-10,1,0.38479695
2022-05-24,10,eerstekamer,2022-05-24-eerstekamer-10,4,0.613867
2022-05-24,8,eerstekamer,2022-05-24-eerstekamer-8,1,0.39959356
2022-05-24,8,eerstekamer,2022-05-24-eerstekamer-8,4,0.59958434
2022-05-24,9,eerstekamer,2022-05-24-eerstekamer-9,0,0.86040527
2022-05-24,9,eerstekamer,2022-05-24-eerstekamer-9,2,0.041702725
2022-05-24,9,eerstekamer,2022-05-24-eerstekamer-9,4,0.09783591
2022-05-24,22,tweedekamer,2022-05-24-tweedekamer-22,1,0.99881846
2022-05-24,23,tweedekamer,2022-05-24-tweedekamer-23,0,0.037969455
2022-05-24,23,tweedekamer,2022-05-24-tweedekamer-23,1,0.20945945
2022-05-24,23,tweedekamer,2022-05-24-tweedekamer-23,3,0.7524396
2022-05-24,24,tweedekamer,2022-05-24-tweedekamer-24,0,0.19736564
2022-05-24,24,tweedekamer,2022-05-24-tweedekamer-24,3,0.79706883
2022-05-24,25,tweedekamer,2022-05-24-tweedekamer-25,3,0.9998698
2022-05-25,10,tweedekamer,2022-05-25-tweedekamer-10,0,0.021119073
2022-05-25,10,tweedekamer,2022-05-25-tweedekamer-10,1,0.041342154
2022-05-25,10,tweedekamer,2022-05-25-tweedekamer-10,4,0.9357705
2022-05-25,11,tweedekamer,2022-05-25-tweedekamer-11,1,0.48735097
2022-05-25,11,tweedekamer,2022-05-25-tweedekamer-11,2,0.070010945
2022-05-25,11,tweedekamer,2022-05-25-tweedekamer-11,3,0.14456785
2022-05-25,11,tweedekamer,2022-05-25-tweedekamer-11,4,0.29801583
2022-05-25,12,tweedekamer,2022-05-25-tweedekamer-12,1,0.84406483
2022-05-25,12,tweedekamer,2022-05-25-tweedekamer-12,4,0.15174353
2022-05-25,4,tweedekamer,2022-05-25-tweedekamer-4,1,0.98953277
2022-05-25,4,tweedekamer,2022-05-25-tweedekamer-4,4,0.010328252
2022-05-25,5,tweedekamer,2022-05-25-tweedekamer-5,0,0.3186425
2022-05-25,5,tweedekamer,2022-05-25-tweedekamer-5,1,0.536055
2022-05-25,5,tweedekamer,2022-05-25-tweedekamer-5,4,0.14503422
2022-05-25,9,tweedekamer,2022-05-25-tweedekamer-9,0,0.29250777
2022-05-25,9,tweedekamer,2022-05-25-tweedekamer-9,1,0.68636584
2022-05-25,9,tweedekamer,2022-05-25-tweedekamer-9,4,0.019125251
2022-05-31,11,eerstekamer,2022-05-31-eerstekamer-11,1,0.02574577
2022-05-31,11,eerstekamer,2022-05-31-eerstekamer-11,2,0.014873885
2022-05-31,11,eerstekamer,2022-05-31-eerstekamer-11,3,0.018468458
2022-05-31,11,eerstekamer,2022-05-31-eerstekamer-11,4,0.9408875
2022-05-31,12,eerstekamer,2022-05-31-eerstekamer-12,0,0.17636819
2022-05-31,12,eerstekamer,2022-05-31-eerstekamer-12,2,0.50277185
2022-05-31,12,eerstekamer,2022-05-31-eerstekamer-12,3,0.15172884
2022-05-31,12,eerstekamer,2022-05-31-eerstekamer-12,4,0.16885643
2022-05-31,3,eerstekamer,2022-05-31-eerstekamer-3,2,0.017117247
2022-05-31,3,eerstekamer,2022-05-31-eerstekamer-3,4,0.9668994
2022-05-31,32,tweedekamer,2022-05-31-tweedekamer-32,0,0.9988029
2022-05-31,33,tweedekamer,2022-05-31-tweedekamer-33,0,0.10782541
2022-05-31,33,tweedekamer,2022-05-31-tweedekamer-33,1,0.49886596
2022-05-31,33,tweedekamer,2022-05-31-tweedekamer-33,3,0.39310166
2022-05-31,34,tweedekamer,2022-05-31-tweedekamer-34,0,0.19521439
2022-05-31,34,tweedekamer,2022-05-31-tweedekamer-34,1,0.06093002
2022-05-31,34,tweedekamer,2022-05-31-tweedekamer-34,2,0.5066674
2022-05-31,34,tweedekamer,2022-05-31-tweedekamer-34,3,0.04166836
2022-05-31,34,tweedekamer,2022-05-31-tweedekamer-34,4,0.19551982
2022-05-31,35,tweedekamer,2022-05-31-tweedekamer-35,1,0.98114604
2022-05-31,35,tweedekamer,2022-05-31-tweedekamer-35,2,0.017322944
2022-06-01,10,tweedekamer,2022-06-01-tweedekamer-10,1,0.48900464
2022-06-01,10,tweedekamer,2022-06-01-tweedekamer-10,2,0.5108857
2022-06-01,2,tweedekamer,2022-06-01-tweedekamer-2,0,0.8346637
2022-06-01,2,tweedekamer,2022-06-01-tweedekamer-2,1,0.16505091
2022-06-01,3,tweedekamer,2022-06-01-tweedekamer-3,0,0.9997379
2022-06-01,4,tweedekamer,2022-06-01-tweedekamer-4,0,0.937737
2022-06-01,4,tweedekamer,2022-06-01-tweedekamer-4,1,0.029967263
2022-06-01,4,tweedekamer,2022-06-01-tweedekamer-4,4,0.031924326
2022-06-01,5,tweedekamer,2022-06-01-tweedekamer-5,0,0.7110039
2022-06-01,5,tweedekamer,2022-06-01-tweedekamer-5,1,0.025495505
2022-06-01,5,tweedekamer,2022-06-01-tweedekamer-5,3,0.2622589
2022-06-01,8,tweedekamer,2022-06-01-tweedekamer-8,1,0.999483
2022-06-01,9,tweedekamer,2022-06-01-tweedekamer-9,1,0.54094356
2022-06-01,9,tweedekamer,2022-06-01-tweedekamer-9,2,0.45890966
2022-06-02,10,tweedekamer,2022-06-02-tweedekamer-10,0,0.9996675
2022-06-02,11,tweedekamer,2022-06-02-tweedekamer-11,0,0.1739596
2022-06-02,11,tweedekamer,2022-06-02-tweedekamer-11,1,0.69876134
2022-06-02,11,tweedekamer,2022-06-02-tweedekamer-11,4,0.12699251
2022-06-02,18,tweedekamer,2022-06-02-tweedekamer-18,1,0.14898837
2022-06-02,18,tweedekamer,2022-06-02-tweedekamer-18,3,0.84208584
2022-06-02,4,tweedekamer,2022-06-02-tweedekamer-4,0,0.28774917
2022-06-02,4,tweedekamer,2022-06-02-tweedekamer-4,1,0.09337465
2022-06-02,4,tweedekamer,2022-06-02-tweedekamer-4,2,0.61853796
2022-06-02,5,tweedekamer,2022-06-02-tweedekamer-5,0,0.60119796
2022-06-02,5,tweedekamer,2022-06-02-tweedekamer-5,1,0.30611694
2022-06-02,5,tweedekamer,2022-06-02-tweedekamer-5,3,0.0695998
2022-06-02,5,tweedekamer,2022-06-02-tweedekamer-5,4,0.023010131
2022-06-02,6,tweedekamer,2022-06-02-tweedekamer-6,0,0.5125865
2022-06-02,6,tweedekamer,2022-06-02-tweedekamer-6,4,0.48697293
2022-06-02,7,tweedekamer,2022-06-02-tweedekamer-7,0,0.52822775
2022-06-02,7,tweedekamer,2022-06-02-tweedekamer-7,2,0.03144622
2022-06-02,7,tweedekamer,2022-06-02-tweedekamer-7,3,0.20326845
2022-06-02,7,tweedekamer,2022-06-02-tweedekamer-7,4,0.2368514
2022-06-02,8,tweedekamer,2022-06-02-tweedekamer-8,0,0.49356303
2022-06-02,8,tweedekamer,2022-06-02-tweedekamer-8,4,0.5061055
2022-06-02,9,tweedekamer,2022-06-02-tweedekamer-9,0,0.75253403
2022-06-02,9,tweedekamer,2022-06-02-tweedekamer-9,2,0.20781997
2022-06-02,9,tweedekamer,2022-06-02-tweedekamer-9,4,0.03936371
2022-06-07,3,eerstekamer,2022-06-07-eerstekamer-3,2,0.13560659
2022-06-07,3,eerstekamer,2022-06-07-eerstekamer-3,4,0.86017984
2022-06-07,6,eerstekamer,2022-06-07-eerstekamer-6,2,0.18949369
2022-06-07,6,eerstekamer,2022-06-07-eerstekamer-6,4,0.81003356
2022-06-07,34,tweedekamer,2022-06-07-tweedekamer-34,0,0.99948573
2022-06-07,35,tweedekamer,2022-06-07-tweedekamer-35,0,0.37463632
2022-06-07,35,tweedekamer,2022-06-07-tweedekamer-35,1,0.58223814
2022-06-07,35,tweedekamer,2022-06-07-tweedekamer-35,2,0.042868536
2022-06-07,36,tweedekamer,2022-06-07-tweedekamer-36,0,0.029363282
2022-06-07,36,tweedekamer,2022-06-07-tweedekamer-36,1,0.44973785
2022-06-07,36,tweedekamer,2022-06-07-tweedekamer-36,4,0.52024364
2022-06-07,37,tweedekamer,2022-06-07-tweedekamer-37,0,0.3469619
2022-06-07,37,tweedekamer,2022-06-07-tweedekamer-37,1,0.6516548
2022-06-07,38,tweedekamer,2022-06-07-tweedekamer-38,0,0.03698411
2022-06-07,38,tweedekamer,2022-06-07-tweedekamer-38,1,0.9162906
2022-06-07,38,tweedekamer,2022-06-07-tweedekamer-38,2,0.046657328
2022-06-08,10,tweedekamer,2022-06-08-tweedekamer-10,0,0.6609482
2022-06-08,10,tweedekamer,2022-06-08-tweedekamer-10,1,0.122920655
2022-06-08,10,tweedekamer,2022-06-08-tweedekamer-10,3,0.20942043
2022-06-08,3,tweedekamer,2022-06-08-tweedekamer-3,0,0.38439456
2022-06-08,3,tweedekamer,2022-06-08-tweedekamer-3,1,0.13317655
2022-06-08,3,tweedekamer,2022-06-08-tweedekamer-3,4,0.47978488
2022-06-08,4,tweedekamer,2022-06-08-tweedekamer-4,1,0.8974504
2022-06-08,4,tweedekamer,2022-06-08-tweedekamer-4,2,0.08626726
2022-06-08,7,tweedekamer,2022-06-08-tweedekamer-7,1,0.9552639
2022-06-08,7,tweedekamer,2022-06-08-tweedekamer-7,2,0.02302689
2022-06-08,7,tweedekamer,2022-06-08-tweedekamer-7,4,0.017233128
2022-06-08,8,tweedekamer,2022-06-08-tweedekamer-8,0,0.31651962
2022-06-08,8,tweedekamer,2022-06-08-tweedekamer-8,1,0.013435821
2022-06-08,8,tweedekamer,2022-06-08-tweedekamer-8,3,0.66984284
2022-06-08,9,tweedekamer,2022-06-08-tweedekamer-9,1,0.17573152
2022-06-08,9,tweedekamer,2022-06-08-tweedekamer-9,3,0.82332325
2022-06-09,4,tweedekamer,2022-06-09-tweedekamer-4,0,0.9884169
2022-06-09,4,tweedekamer,2022-06-09-tweedekamer-4,1,0.010393008
2022-06-09,5,tweedekamer,2022-06-09-tweedekamer-5,0,0.1561994
2022-06-09,5,tweedekamer,2022-06-09-tweedekamer-5,1,0.07931147
2022-06-09,5,tweedekamer,2022-06-09-tweedekamer-5,2,0.6473668
2022-06-09,5,tweedekamer,2022-06-09-tweedekamer-5,3,0.08758558
2022-06-09,5,tweedekamer,2022-06-09-tweedekamer-5,4,0.029536769
2022-06-09,8,tweedekamer,2022-06-09-tweedekamer-8,0,0.3658646
2022-06-09,8,tweedekamer,2022-06-09-tweedekamer-8,1,0.094858535
2022-06-09,8,tweedekamer,2022-06-09-tweedekamer-8,2,0.47086412
2022-06-09,8,tweedekamer,2022-06-09-tweedekamer-8,3,0.051027644
2022-06-09,8,tweedekamer,2022-06-09-tweedekamer-8,4,0.017385127
2022-06-14,10,eerstekamer,2022-06-14-eerstekamer-10,0,0.35985836
2022-06-14,10,eerstekamer,2022-06-14-eerstekamer-10,2,0.2254645
2022-06-14,10,eerstekamer,2022-06-14-eerstekamer-10,4,0.4121259
2022-06-14,11,eerstekamer,2022-06-14-eerstekamer-11,3,0.9403193
2022-06-14,11,eerstekamer,2022-06-14-eerstekamer-11,4,0.058675814
2022-06-14,3,eerstekamer,2022-06-14-eerstekamer-3,3,0.9220271
2022-06-14,3,eerstekamer,2022-06-14-eerstekamer-3,4,0.07791388
2022-06-14,22,tweedekamer,2022-06-14-tweedekamer-22,0,0.6754903
2022-06-14,22,tweedekamer,2022-06-14-tweedekamer-22,1,0.32173485
2022-06-14,23,tweedekamer,2022-06-14-tweedekamer-23,0,0.09435573
2022-06-14,23,tweedekamer,2022-06-14-tweedekamer-23,1,0.44236067
2022-06-14,23,tweedekamer,2022-06-14-tweedekamer-23,2,0.41922903
2022-06-14,23,tweedekamer,2022-06-14-tweedekamer-23,4,0.043913007
2022-06-14,24,tweedekamer,2022-06-14-tweedekamer-24,0,0.16844808
2022-06-14,24,tweedekamer,2022-06-14-tweedekamer-24,1,0.76409334
2022-06-14,24,tweedekamer,2022-06-14-tweedekamer-24,2,0.06732816
2022-06-14,25,tweedekamer,2022-06-14-tweedekamer-25,1,0.9974756
2022-06-14,26,tweedekamer,2022-06-14-tweedekamer-26,0,0.16677116
2022-06-14,26,tweedekamer,2022-06-14-tweedekamer-26,1,0.8044338
2022-06-14,26,tweedekamer,2022-06-14-tweedekamer-26,3,0.028594157
2022-06-14,27,tweedekamer,2022-06-14-tweedekamer-27,1,0.94864345
2022-06-14,27,tweedekamer,2022-06-14-tweedekamer-27,3,0.039888643
2022-06-15,2,tweedekamer,2022-06-15-tweedekamer-2,0,0.1325747
2022-06-15,2,tweedekamer,2022-06-15-tweedekamer-2,2,0.28953853
2022-06-15,2,tweedekamer,2022-06-15-tweedekamer-2,4,0.5775092
2022-06-15,4,tweedekamer,2022-06-15-tweedekamer-4,2,0.98844796
2022-06-15,6,tweedekamer,2022-06-15-tweedekamer-6,2,0.9885794
2022-06-15,7,tweedekamer,2022-06-15-tweedekamer-7,0,0.10004616
2022-06-15,7,tweedekamer,2022-06-15-tweedekamer-7,2,0.7880359
2022-06-15,7,tweedekamer,2022-06-15-tweedekamer-7,4,0.111582994
2022-06-15,8,tweedekamer,2022-06-15-tweedekamer-8,0,0.03392632
2022-06-15,8,tweedekamer,2022-06-15-tweedekamer-8,2,0.95944184
2022-06-16,10,tweedekamer,2022-06-16-tweedekamer-10,0,0.047611594
2022-06-16,10,tweedekamer,2022-06-16-tweedekamer-10,1,0.053880002
2022-06-16,10,tweedekamer,2022-06-16-tweedekamer-10,2,0.8984226
2022-06-16,11,tweedekamer,2022-06-16-tweedekamer-11,1,0.15718707
2022-06-16,11,tweedekamer,2022-06-16-tweedekamer-11,3,0.02412862
2022-06-16,11,tweedekamer,2022-06-16-tweedekamer-11,4,0.81837124
2022-06-16,4,tweedekamer,2022-06-16-tweedekamer-4,0,0.9995185
2022-06-16,5,tweedekamer,2022-06-16-tweedekamer-5,0,0.60019034
2022-06-16,5,tweedekamer,2022-06-16-tweedekamer-5,1,0.3650242
2022-06-16,5,tweedekamer,2022-06-16-tweedekamer-5,3,0.0345754
2022-06-16,6,tweedekamer,2022-06-16-tweedekamer-6,2,0.9934638
2022-06-21,7,eerstekamer,2022-06-21-eerstekamer-7,1,0.08540054
2022-06-21,7,eerstekamer,2022-06-21-eerstekamer-7,3,0.052995
2022-06-21,7,eerstekamer,2022-06-21-eerstekamer-7,4,0.8512762
2022-06-21,23,tweedekamer,2022-06-21-tweedekamer-23,0,0.81964034
2022-06-21,23,tweedekamer,2022-06-21-tweedekamer-23,4,0.17509629
2022-06-21,24,tweedekamer,2022-06-21-tweedekamer-24,0,0.99902946
2022-06-21,25,tweedekamer,2022-06-21-tweedekamer-25,1,0.563724
2022-06-21,25,tweedekamer,2022-06-21-tweedekamer-25,2,0.4258753
2022-06-22,12,tweedekamer,2022-06-22-tweedekamer-12,0,0.9083414
2022-06-22,12,tweedekamer,2022-06-22-tweedekamer-12,1,0.09128136
2022-06-22,13,tweedekamer,2022-06-22-tweedekamer-13,0,0.9997294
2022-06-22,14,tweedekamer,2022-06-22-tweedekamer-14,1,0.9998888
2022-06-22,3,tweedekamer,2022-06-22-tweedekamer-3,0,0.9965649
2022-06-22,4,tweedekamer,2022-06-22-tweedekamer-4,2,0.4347038
2022-06-22,4,tweedekamer,2022-06-22-tweedekamer-4,4,0.5652421
2022-06-22,7,tweedekamer,2022-06-22-tweedekamer-7,0,0.017896596
2022-06-22,7,tweedekamer,2022-06-22-tweedekamer-7,2,0.5313068
2022-06-22,7,tweedekamer,2022-06-22-tweedekamer-7,4,0.4506992
2022-06-22,8,tweedekamer,2022-06-22-tweedekamer-8,0,0.76888156
2022-06-22,8,tweedekamer,2022-06-22-tweedekamer-8,4,0.2304383
2022-06-23,4,tweedekamer,2022-06-23-tweedekamer-4,0,0.8861306
2022-06-23,4,tweedekamer,2022-06-23-tweedekamer-4,2,0.041465867
2022-06-23,4,tweedekamer,2022-06-23-tweedekamer-4,3,0.07016726
2022-06-23,7,tweedekamer,2022-06-23-tweedekamer-7,0,0.99055713
2022-06-28,3,eerstekamer,2022-06-28-eerstekamer-3,4,0.99954975
2022-06-28,7,eerstekamer,2022-06-28-eerstekamer-7,2,0.9994557
2022-06-28,8,eerstekamer,2022-06-28-eerstekamer-8,0,0.27177545
2022-06-28,8,eerstekamer,2022-06-28-eerstekamer-8,1,0.10187401
2022-06-28,8,eerstekamer,2022-06-28-eerstekamer-8,3,0.1164306
2022-06-28,8,eerstekamer,2022-06-28-eerstekamer-8,4,0.5076126
2022-06-28,9,eerstekamer,2022-06-28-eerstekamer-9,4,0.9980911
2022-06-28,29,tweedekamer,2022-06-28-tweedekamer-29,0,0.36595806
2022-06-28,29,tweedekamer,2022-06-28-tweedekamer-29,1,0.015051293
2022-06-28,29,tweedekamer,2022-06-28-tweedekamer-29,3,0.6188963
2022-06-28,30,tweedekamer,2022-06-28-tweedekamer-30,0,0.54211605
2022-06-28,30,tweedekamer,2022-06-28-tweedekamer-30,1,0.03691641
2022-06-28,30,tweedekamer,2022-06-28-tweedekamer-30,3,0.42056435
2022-06-28,31,tweedekamer,2022-06-28-tweedekamer-31,1,0.96768206
2022-06-28,31,tweedekamer,2022-06-28-tweedekamer-31,2,0.014148905
2022-06-28,31,tweedekamer,2022-06-28-tweedekamer-31,3,0.016049733
2022-06-29,10,tweedekamer,2022-06-29-tweedekamer-10,0,0.35495037
2022-06-29,10,tweedekamer,2022-06-29-tweedekamer-10,1,0.1851956
2022-06-29,10,tweedekamer,2022-06-29-tweedekamer-10,4,0.45957306
2022-06-29,11,tweedekamer,2022-06-29-tweedekamer-11,1,0.1755439
2022-06-29,11,tweedekamer,2022-06-29-tweedekamer-11,4,0.8148694
2022-06-29,12,tweedekamer,2022-06-29-tweedekamer-12,1,0.28518072
2022-06-29,12,tweedekamer,2022-06-29-tweedekamer-12,2,0.7147172
2022-06-29,3,tweedekamer,2022-06-29-tweedekamer-3,0,0.99964297
2022-06-29,4,tweedekamer,2022-06-29-tweedekamer-4,0,0.99779916
2022-06-29,6,tweedekamer,2022-06-29-tweedekamer-6,0,0.82194555
2022-06-29,6,tweedekamer,2022-06-29-tweedekamer-6,1,0.0749064
2022-06-29,6,tweedekamer,2022-06-29-tweedekamer-6,3,0.09887954
2022-06-29,7,tweedekamer,2022-06-29-tweedekamer-7,0,0.6109869
2022-06-29,7,tweedekamer,2022-06-29-tweedekamer-7,1,0.07459735
2022-06-29,7,tweedekamer,2022-06-29-tweedekamer-7,4,0.31384706
2022-06-30,4,tweedekamer,2022-06-30-tweedekamer-4,0,0.19939497
2022-06-30,4,tweedekamer,2022-06-30-tweedekamer-4,1,0.17621873
2022-06-30,4,tweedekamer,2022-06-30-tweedekamer-4,2,0.0654601
2022-06-30,4,tweedekamer,2022-06-30-tweedekamer-4,4,0.55876976
2022-06-30,5,tweedekamer,2022-06-30-tweedekamer-5,0,0.078218
2022-06-30,5,tweedekamer,2022-06-30-tweedekamer-5,1,0.7587705
2022-06-30,5,tweedekamer,2022-06-30-tweedekamer-5,2,0.023422139
2022-06-30,5,tweedekamer,2022-06-30-tweedekamer-5,3,0.03731827
2022-06-30,5,tweedekamer,2022-06-30-tweedekamer-5,4,0.102271006
2022-06-30,8,tweedekamer,2022-06-30-tweedekamer-8,0,0.10997281
2022-06-30,8,tweedekamer,2022-06-30-tweedekamer-8,1,0.85215104
2022-06-30,8,tweedekamer,2022-06-30-tweedekamer-8,4,0.035351843
2022-06-30,9,tweedekamer,2022-06-30-tweedekamer-9,0,0.37230664
2022-06-30,9,tweedekamer,2022-06-30-tweedekamer-9,2,0.26120472
2022-06-30,9,tweedekamer,2022-06-30-tweedekamer-9,3,0.35572973
2022-07-05,14,eerstekamer,2022-07-05-eerstekamer-14,1,0.011765827
2022-07-05,14,eerstekamer,2022-07-05-eerstekamer-14,3,0.92025846
2022-07-05,14,eerstekamer,2022-07-05-eerstekamer-14,4,0.06473987
2022-07-05,3,eerstekamer,2022-07-05-eerstekamer-3,3,0.87404037
2022-07-05,3,eerstekamer,2022-07-05-eerstekamer-3,4,0.122630544
2022-07-05,34,tweedekamer,2022-07-05-tweedekamer-34,0,0.19527985
2022-07-05,34,tweedekamer,2022-07-05-tweedekamer-34,1,0.73608226
2022-07-05,34,tweedekamer,2022-07-05-tweedekamer-34,4,0.0684355
2022-07-05,35,tweedekamer,2022-07-05-tweedekamer-35,0,0.90904874
2022-07-05,35,tweedekamer,2022-07-05-tweedekamer-35,1,0.084412515
2022-07-05,36,tweedekamer,2022-07-05-tweedekamer-36,0,0.32854787
2022-07-05,36,tweedekamer,2022-07-05-tweedekamer-36,1,0.1111632
2022-07-05,36,tweedekamer,2022-07-05-tweedekamer-36,2,0.5600639
2022-07-05,37,tweedekamer,2022-07-05-tweedekamer-37,2,0.98277056
2022-07-06,12,tweedekamer,2022-07-06-tweedekamer-12,0,0.71990347
2022-07-06,12,tweedekamer,2022-07-06-tweedekamer-12,1,0.27969757
2022-07-06,13,tweedekamer,2022-07-06-tweedekamer-13,0,0.82096726
2022-07-06,13,tweedekamer,2022-07-06-tweedekamer-13,1,0.1729003
2022-07-06,14,tweedekamer,2022-07-06-tweedekamer-14,0,0.03643956
2022-07-06,14,tweedekamer,2022-07-06-tweedekamer-14,1,0.94872254
2022-07-06,14,tweedekamer,2022-07-06-tweedekamer-14,3,0.0146806715
2022-07-06,15,tweedekamer,2022-07-06-tweedekamer-15,0,0.6614552
2022-07-06,15,tweedekamer,2022-07-06-tweedekamer-15,1,0.08012171
2022-07-06,15,tweedekamer,2022-07-06-tweedekamer-15,3,0.25819778
2022-07-06,16,tweedekamer,2022-07-06-tweedekamer-16,1,0.9501321
2022-07-06,16,tweedekamer,2022-07-06-tweedekamer-16,3,0.048536353
2022-07-06,17,tweedekamer,2022-07-06-tweedekamer-17,0,0.2198779
2022-07-06,17,tweedekamer,2022-07-06-tweedekamer-17,1,0.7392917
2022-07-06,17,tweedekamer,2022-07-06-tweedekamer-17,4,0.04037395
2022-07-06,18,tweedekamer,2022-07-06-tweedekamer-18,1,0.90823877
2022-07-06,18,tweedekamer,2022-07-06-tweedekamer-18,2,0.061052088
2022-07-06,18,tweedekamer,2022-07-06-tweedekamer-18,3,0.021766137
2022-07-06,3,tweedekamer,2022-07-06-tweedekamer-3,0,0.45555124
2022-07-06,3,tweedekamer,2022-07-06-tweedekamer-3,2,0.09172759
2022-07-06,3,tweedekamer,2022-07-06-tweedekamer-3,4,0.44571072
2022-07-06,5,tweedekamer,2022-07-06-tweedekamer-5,0,0.99865997
2022-07-06,6,tweedekamer,2022-07-06-tweedekamer-6,0,0.99966186
2022-07-06,7,tweedekamer,2022-07-06-tweedekamer-7,0,0.7189811
2022-07-06,7,tweedekamer,2022-07-06-tweedekamer-7,1,0.21124946
2022-07-06,7,tweedekamer,2022-07-06-tweedekamer-7,4,0.069508106
2022-07-06,8,tweedekamer,2022-07-06-tweedekamer-8,0,0.378646
2022-07-06,8,tweedekamer,2022-07-06-tweedekamer-8,1,0.4272313
2022-07-06,8,tweedekamer,2022-07-06-tweedekamer-8,4,0.19335666
2022-07-06,9,tweedekamer,2022-07-06-tweedekamer-9,0,0.63097346
2022-07-06,9,tweedekamer,2022-07-06-tweedekamer-9,1,0.06337029
2022-07-06,9,tweedekamer,2022-07-06-tweedekamer-9,4,0.305055
2022-07-11,3,eerstekamer,2022-07-11-eerstekamer-3,0,0.013232812
2022-07-11,3,eerstekamer,2022-07-11-eerstekamer-3,4,0.9860012
2022-07-12,14,eerstekamer,2022-07-12-eerstekamer-14,2,0.05626618
2022-07-12,14,eerstekamer,2022-07-12-eerstekamer-14,4,0.94367
2022-07-12,15,eerstekamer,2022-07-12-eerstekamer-15,0,0.18442042
2022-07-12,15,eerstekamer,2022-07-12-eerstekamer-15,1,0.108599044
2022-07-12,15,eerstekamer,2022-07-12-eerstekamer-15,2,0.49911138
2022-07-12,15,eerstekamer,2022-07-12-eerstekamer-15,4,0.20769925
2022-07-12,16,eerstekamer,2022-07-12-eerstekamer-16,1,0.21228358
2022-07-12,16,eerstekamer,2022-07-12-eerstekamer-16,2,0.49728474
2022-07-12,16,eerstekamer,2022-07-12-eerstekamer-16,4,0.28835294
2022-07-12,2,eerstekamer,2022-07-12-eerstekamer-2,2,0.57943
2022-07-12,2,eerstekamer,2022-07-12-eerstekamer-2,4,0.41928333
2022-07-12,3,eerstekamer,2022-07-12-eerstekamer-3,1,0.70287937
2022-07-12,3,eerstekamer,2022-07-12-eerstekamer-3,4,0.29637995
2022-07-12,32,eerstekamer,2022-07-12-eerstekamer-32,2,0.9738356
2022-07-12,32,eerstekamer,2022-07-12-eerstekamer-32,4,0.02396321
