ID,date,chamber,debate_num,crime,technologies,security,defence,geopolitics,energy,climate
ParlaMint-NL-en_2022-01-18-eerstekamer-8,2022-01-18,eerstekamer,8,0.14440681040287018,0.14416120946407318,0.14282703399658203,0.14264334738254547,0.14226274192333221,0.1419760286808014,0.14172285795211792
ParlaMint-NL-en_2022-01-18-tweedekamer-6,2022-01-18,tweedekamer,6,0.14834553003311157,0.13928736746311188,0.14599323272705078,0.14207421243190765,0.13680891692638397,0.14032171666622162,0.1471690535545349
ParlaMint-NL-en_2022-01-18-tweedekamer-9,2022-01-18,tweedekamer,9,0.1436775177717209,0.14082233607769012,0.14751951396465302,0.14349056780338287,0.14150243997573853,0.1428939700126648,0.1400936394929886
ParlaMint-NL-en_2022-01-19-tweedekamer-3,2022-01-19,tweedekamer,3,0.15472804009914398,0.1426507979631424,0.14320744574069977,0.14228887856006622,0.1413969248533249,0.13577312231063843,0.1399548202753067
ParlaMint-NL-en_2022-01-19-tweedekamer-6,2022-01-19,tweedekamer,6,0.1447146087884903,0.14025455713272095,0.142792746424675,0.14544536173343658,0.14368052780628204,0.13892248272895813,0.1441897302865982
ParlaMint-NL-en_2022-01-20-tweedekamer-5,2022-01-20,tweedekamer,5,0.14285574853420258,0.14018471539020538,0.14272911846637726,0.14419588446617126,0.14326085150241852,0.14378906786441803,0.14298468828201294
ParlaMint-NL-en_2022-01-20-tweedekamer-9,2022-01-20,tweedekamer,9,0.1435767263174057,0.1426198035478592,0.13983619213104248,0.1433139145374298,0.1433352679014206,0.14511626958847046,0.14220178127288818
ParlaMint-NL-en_2022-01-25-tweedekamer-16,2022-01-25,tweedekamer,16,0.14781783521175385,0.14139866828918457,0.1438751220703125,0.14301073551177979,0.1376868188381195,0.1427730768918991,0.14343778789043427
ParlaMint-NL-en_2022-01-26-tweedekamer-3,2022-01-26,tweedekamer,3,0.14242802560329437,0.14030078053474426,0.14148163795471191,0.14428797364234924,0.14846156537532806,0.14149907231330872,0.1415410339832306
ParlaMint-NL-en_2022-01-26-tweedekamer-6,2022-01-26,tweedekamer,6,0.14138592779636383,0.1544930636882782,0.13423115015029907,0.1384628564119339,0.13797388970851898,0.15110865235328674,0.14234444499015808
ParlaMint-NL-en_2022-01-27-tweedekamer-3,2022-01-27,tweedekamer,3,0.14193330705165863,0.14174096286296844,0.14169061183929443,0.1427680104970932,0.1471301168203354,0.14218273758888245,0.14255420863628387
ParlaMint-NL-en_2022-01-27-tweedekamer-4,2022-01-27,tweedekamer,4,0.14347922801971436,0.1455097794532776,0.14365535974502563,0.1423327773809433,0.13598905503749847,0.14342352747917175,0.1456102430820465
ParlaMint-NL-en_2022-01-27-tweedekamer-7,2022-01-27,tweedekamer,7,0.14404596388339996,0.14023357629776,0.14202557504177094,0.13984118402004242,0.1490076631307602,0.1415027529001236,0.14334328472614288
ParlaMint-NL-en_2022-01-27-tweedekamer-8,2022-01-27,tweedekamer,8,0.14536932110786438,0.14207249879837036,0.1433262676000595,0.14324341714382172,0.14347299933433533,0.13930968940258026,0.14320583641529083
ParlaMint-NL-en_2022-01-27-tweedekamer-9,2022-01-27,tweedekamer,9,0.14297758042812347,0.14137719571590424,0.14242079854011536,0.14316846430301666,0.14156652987003326,0.14441914856433868,0.1440703123807907
ParlaMint-NL-en_2022-02-01-eerstekamer-5,2022-02-01,eerstekamer,5,0.14401906728744507,0.14395847916603088,0.1422356814146042,0.1379109025001526,0.14682802557945251,0.144211545586586,0.14083640277385712
ParlaMint-NL-en_2022-02-01-tweedekamer-23,2022-02-01,tweedekamer,23,0.14569354057312012,0.14346826076507568,0.14208775758743286,0.14318585395812988,0.14409352838993073,0.1421860009431839,0.13928502798080444
ParlaMint-NL-en_2022-02-02-tweedekamer-12,2022-02-02,tweedekamer,12,0.14549773931503296,0.1429913341999054,0.14413830637931824,0.14489735662937164,0.13756830990314484,0.14267298579216003,0.1422339230775833
ParlaMint-NL-en_2022-02-02-tweedekamer-13,2022-02-02,tweedekamer,13,0.1436537802219391,0.1419409066438675,0.14232976734638214,0.14221221208572388,0.14435207843780518,0.1422223001718521,0.1432889699935913
ParlaMint-NL-en_2022-02-02-tweedekamer-3,2022-02-02,tweedekamer,3,0.14831003546714783,0.14181731641292572,0.14217934012413025,0.14101460576057434,0.14086700975894928,0.1453140676021576,0.14049769937992096
ParlaMint-NL-en_2022-02-02-tweedekamer-4,2022-02-02,tweedekamer,4,0.14593356847763062,0.1379343420267105,0.14288285374641418,0.14389507472515106,0.1435866504907608,0.14211304485797882,0.1436544805765152
ParlaMint-NL-en_2022-02-02-tweedekamer-5,2022-02-02,tweedekamer,5,0.1427783966064453,0.13665428757667542,0.1367729753255844,0.1460919976234436,0.14846235513687134,0.14469215273857117,0.14454786479473114
ParlaMint-NL-en_2022-02-02-tweedekamer-6,2022-02-02,tweedekamer,6,0.1419423520565033,0.14598043262958527,0.14098498225212097,0.13936878740787506,0.1426563560962677,0.14476831257343292,0.1442987471818924
ParlaMint-NL-en_2022-02-03-tweedekamer-10,2022-02-03,tweedekamer,10,0.14548557996749878,0.1450178623199463,0.14108584821224213,0.1433216631412506,0.1382993757724762,0.1444399505853653,0.14234967529773712
ParlaMint-NL-en_2022-02-03-tweedekamer-11,2022-02-03,tweedekamer,11,0.13186147809028625,0.13448357582092285,0.1446928232908249,0.1447509229183197,0.1513921469449997,0.14732803404331207,0.14549100399017334
ParlaMint-NL-en_2022-02-03-tweedekamer-12,2022-02-03,tweedekamer,12,0.14016732573509216,0.1436152309179306,0.14432407915592194,0.1455448418855667,0.14308840036392212,0.14137479662895203,0.14188534021377563
ParlaMint-NL-en_2022-02-03-tweedekamer-4,2022-02-03,tweedekamer,4,0.1439850628376007,0.14504137635231018,0.144744411110878,0.1435624361038208,0.13745230436325073,0.1424592286348343,0.1427551656961441
ParlaMint-NL-en_2022-02-03-tweedekamer-5,2022-02-03,tweedekamer,5,0.14578239619731903,0.14047281444072723,0.14066794514656067,0.14599597454071045,0.1459740549325943,0.14120005071163177,0.13990674912929535
ParlaMint-NL-en_2022-02-03-tweedekamer-6,2022-02-03,tweedekamer,6,0.1447812169790268,0.137906014919281,0.1442810595035553,0.14387552440166473,0.14613664150238037,0.13778811693191528,0.14523138105869293
ParlaMint-NL-en_2022-02-03-tweedekamer-7,2022-02-03,tweedekamer,7,0.14755821228027344,0.14530649781227112,0.14311979711055756,0.1423937976360321,0.1356789469718933,0.14286598563194275,0.14307674765586853
ParlaMint-NL-en_2022-02-08-eerstekamer-11,2022-02-08,eerstekamer,11,0.14645671844482422,0.14253254234790802,0.13848920166492462,0.14488759636878967,0.14061680436134338,0.1421193927526474,0.1448976844549179
ParlaMint-NL-en_2022-02-08-eerstekamer-3,2022-02-08,eerstekamer,3,0.14620167016983032,0.1432105451822281,0.14083564281463623,0.14490975439548492,0.1351323276758194,0.14396776258945465,0.14574241638183594
ParlaMint-NL-en_2022-02-08-tweedekamer-23,2022-02-08,tweedekamer,23,0.14486455917358398,0.1430831402540207,0.144245907664299,0.14208689332008362,0.14188054203987122,0.1416248381137848,0.14221413433551788
ParlaMint-NL-en_2022-02-08-tweedekamer-24,2022-02-08,tweedekamer,24,0.1412293016910553,0.1437556892633438,0.1390266716480255,0.14264634251594543,0.14680160582065582,0.14354723691940308,0.14299310743808746
ParlaMint-NL-en_2022-02-08-tweedekamer-25,2022-02-08,tweedekamer,25,0.14405401051044464,0.14281417429447174,0.1431468427181244,0.13933393359184265,0.151682510972023,0.13826203346252441,0.14070652425289154
ParlaMint-NL-en_2022-02-09-tweedekamer-2,2022-02-09,tweedekamer,2,0.14326590299606323,0.14057685434818268,0.14340074360370636,0.1439536213874817,0.14300121366977692,0.14047332108020782,0.14532829821109772
ParlaMint-NL-en_2022-02-09-tweedekamer-5,2022-02-09,tweedekamer,5,0.14616593718528748,0.1421978622674942,0.14454416930675507,0.1429678350687027,0.1398405283689499,0.1415020227432251,0.14278161525726318
ParlaMint-NL-en_2022-02-10-tweedekamer-16,2022-02-10,tweedekamer,16,0.14079633355140686,0.14420919120311737,0.14041446149349213,0.14142228662967682,0.13903437554836273,0.14898094534873962,0.14514237642288208
ParlaMint-NL-en_2022-02-10-tweedekamer-17,2022-02-10,tweedekamer,17,0.14154355227947235,0.14252948760986328,0.142264261841774,0.14162231981754303,0.14604060351848602,0.1426149606704712,0.1433849185705185
ParlaMint-NL-en_2022-02-10-tweedekamer-21,2022-02-10,tweedekamer,21,0.14310140907764435,0.14382629096508026,0.14296843111515045,0.14311566948890686,0.14161598682403564,0.14351016283035278,0.14186203479766846
ParlaMint-NL-en_2022-02-10-tweedekamer-23,2022-02-10,tweedekamer,23,0.14387185871601105,0.14252400398254395,0.14220267534255981,0.14100871980190277,0.1434726119041443,0.14244478940963745,0.14447535574436188
ParlaMint-NL-en_2022-02-10-tweedekamer-4,2022-02-10,tweedekamer,4,0.14254383742809296,0.14652317762374878,0.14340008795261383,0.14049915969371796,0.1407637596130371,0.14334465563297272,0.14292533695697784
ParlaMint-NL-en_2022-02-10-tweedekamer-5,2022-02-10,tweedekamer,5,0.14709080755710602,0.14214015007019043,0.1437685638666153,0.14531481266021729,0.14358901977539062,0.1334274709224701,0.14466920495033264
ParlaMint-NL-en_2022-02-15-eerstekamer-3,2022-02-15,eerstekamer,3,0.14558283984661102,0.14307495951652527,0.14277270436286926,0.1415553092956543,0.14383451640605927,0.1424386203289032,0.1407410353422165
ParlaMint-NL-en_2022-02-15-eerstekamer-7,2022-02-15,eerstekamer,7,0.14511340856552124,0.14183185994625092,0.14380507171154022,0.14048311114311218,0.14577114582061768,0.1402452290058136,0.1427500993013382
ParlaMint-NL-en_2022-02-15-tweedekamer-21,2022-02-15,tweedekamer,21,0.14929921925067902,0.14299795031547546,0.13479596376419067,0.14080017805099487,0.14976757764816284,0.13897670805454254,0.143362358212471
ParlaMint-NL-en_2022-02-16-tweedekamer-3,2022-02-16,tweedekamer,3,0.14244192838668823,0.14138534665107727,0.1412905603647232,0.14411553740501404,0.1505272090435028,0.13847246766090393,0.14176695048809052
ParlaMint-NL-en_2022-02-17-tweedekamer-10,2022-02-17,tweedekamer,10,0.140019491314888,0.14403648674488068,0.14011572301387787,0.14207790791988373,0.14011724293231964,0.14820460975170135,0.1454286426305771
ParlaMint-NL-en_2022-02-17-tweedekamer-11,2022-02-17,tweedekamer,11,0.14438271522521973,0.1407880038022995,0.14357827603816986,0.1441335678100586,0.14059777557849884,0.14615322649478912,0.14036644995212555
ParlaMint-NL-en_2022-02-17-tweedekamer-3,2022-02-17,tweedekamer,3,0.14420965313911438,0.13939538598060608,0.14348195493221283,0.14387112855911255,0.1431080400943756,0.14188164472579956,0.1440521776676178
ParlaMint-NL-en_2022-02-17-tweedekamer-4,2022-02-17,tweedekamer,4,0.14309680461883545,0.14326532185077667,0.14118872582912445,0.14236342906951904,0.14393174648284912,0.14272044599056244,0.14343349635601044
ParlaMint-NL-en_2022-02-17-tweedekamer-5,2022-02-17,tweedekamer,5,0.1413140594959259,0.14294449985027313,0.14429748058319092,0.14203332364559174,0.13807372748851776,0.14742951095104218,0.14390739798545837
ParlaMint-NL-en_2022-02-21-eerstekamer-3,2022-02-21,eerstekamer,3,0.15213020145893097,0.13903072476387024,0.1468595415353775,0.14070796966552734,0.14129093289375305,0.13980919122695923,0.14017142355442047
ParlaMint-NL-en_2022-02-21-eerstekamer-4,2022-02-21,eerstekamer,4,0.1432458609342575,0.14659060537815094,0.1423993557691574,0.14164207875728607,0.1430686116218567,0.14298602938652039,0.14006741344928741
ParlaMint-NL-en_2022-02-21-eerstekamer-5,2022-02-21,eerstekamer,5,0.14532935619354248,0.1432596892118454,0.13848502933979034,0.14507554471492767,0.13279159367084503,0.15140201151371002,0.14365680515766144
ParlaMint-NL-en_2022-02-21-eerstekamer-6,2022-02-21,eerstekamer,6,0.14563576877117157,0.1386166363954544,0.14447258412837982,0.1414671689271927,0.14507253468036652,0.14242030680179596,0.14231491088867188
ParlaMint-NL-en_2022-02-21-eerstekamer-7,2022-02-21,eerstekamer,7,0.14388972520828247,0.14167849719524384,0.1440354585647583,0.14256733655929565,0.14203938841819763,0.14203187823295593,0.14375770092010498
ParlaMint-NL-en_2022-02-22-eerstekamer-18,2022-02-22,eerstekamer,18,0.14084024727344513,0.14285194873809814,0.1454949826002121,0.14329129457473755,0.14046673476696014,0.14304836094379425,0.14400646090507507
ParlaMint-NL-en_2022-02-22-eerstekamer-20,2022-02-22,eerstekamer,20,0.14359833300113678,0.14287929236888885,0.1429450511932373,0.14116178452968597,0.1451633721590042,0.14058758318424225,0.14366456866264343
ParlaMint-NL-en_2022-02-22-eerstekamer-21,2022-02-22,eerstekamer,21,0.14148879051208496,0.14424866437911987,0.1442042589187622,0.1410512775182724,0.14309798181056976,0.14321480691432953,0.14269429445266724
ParlaMint-NL-en_2022-02-22-eerstekamer-3,2022-02-22,eerstekamer,3,0.14544367790222168,0.14570212364196777,0.14124296605587006,0.14174127578735352,0.14657071232795715,0.141001895070076,0.13829736411571503
ParlaMint-NL-en_2022-02-22-eerstekamer-4,2022-02-22,eerstekamer,4,0.1440816968679428,0.1421717256307602,0.14370587468147278,0.1427944302558899,0.14124739170074463,0.14251911640167236,0.14347974956035614
ParlaMint-NL-en_2022-02-22-tweedekamer-15,2022-02-22,tweedekamer,15,0.14095290005207062,0.14931131899356842,0.14317500591278076,0.1415679007768631,0.140222430229187,0.13899824023246765,0.14577218890190125
ParlaMint-NL-en_2022-02-22-tweedekamer-16,2022-02-22,tweedekamer,16,0.14471758902072906,0.1395130306482315,0.143706813454628,0.14298944175243378,0.14341187477111816,0.143117293715477,0.1425439417362213
ParlaMint-NL-en_2022-02-23-tweedekamer-2,2022-02-23,tweedekamer,2,0.14584244787693024,0.13992442190647125,0.14144642651081085,0.14020361006259918,0.14422237873077393,0.14383868873119354,0.14452213048934937
ParlaMint-NL-en_2022-02-23-tweedekamer-5,2022-02-23,tweedekamer,5,0.14268678426742554,0.14371497929096222,0.1412205994129181,0.1414138525724411,0.14234216511249542,0.144655242562294,0.14396627247333527
ParlaMint-NL-en_2022-02-23-tweedekamer-6,2022-02-23,tweedekamer,6,0.14525766670703888,0.14176683127880096,0.14277076721191406,0.14287856221199036,0.14515841007232666,0.1431894749403,0.13897837698459625
ParlaMint-NL-en_2022-02-24-tweedekamer-4,2022-02-24,tweedekamer,4,0.1425286829471588,0.1437956541776657,0.1436775177717209,0.14233386516571045,0.14230453968048096,0.14112064242362976,0.14423908293247223
ParlaMint-NL-en_2022-02-24-tweedekamer-5,2022-02-24,tweedekamer,5,0.14269064366817474,0.14078126847743988,0.1446717083454132,0.14293408393859863,0.14281204342842102,0.14259442687034607,0.14351581037044525
ParlaMint-NL-en_2022-02-28-tweedekamer-3,2022-02-28,tweedekamer,3,0.14484795928001404,0.1436653733253479,0.13946467638015747,0.1308959424495697,0.14743222296237946,0.14399534463882446,0.14969848096370697
ParlaMint-NL-en_2022-03-08-eerstekamer-3,2022-03-08,eerstekamer,3,0.14313668012619019,0.14121243357658386,0.14243823289871216,0.1414070427417755,0.14406615495681763,0.14461453258991241,0.14312492311000824
ParlaMint-NL-en_2022-03-08-eerstekamer-6,2022-03-08,eerstekamer,6,0.14183545112609863,0.14172877371311188,0.14197488129138947,0.14400245249271393,0.14381365478038788,0.14144079387187958,0.14520394802093506
ParlaMint-NL-en_2022-03-08-tweedekamer-18,2022-03-08,tweedekamer,18,0.14415334165096283,0.14503954350948334,0.14018851518630981,0.14326158165931702,0.1406971663236618,0.14565294981002808,0.14100688695907593
ParlaMint-NL-en_2022-03-08-tweedekamer-19,2022-03-08,tweedekamer,19,0.14450232684612274,0.14614354074001312,0.14364756643772125,0.1430283486843109,0.13482114672660828,0.14467109739780426,0.14318591356277466
ParlaMint-NL-en_2022-03-08-tweedekamer-20,2022-03-08,tweedekamer,20,0.14498689770698547,0.1422746479511261,0.1392446756362915,0.14478100836277008,0.14510345458984375,0.1414756178855896,0.14213372766971588
ParlaMint-NL-en_2022-03-08-tweedekamer-22,2022-03-08,tweedekamer,22,0.14469708502292633,0.1420532763004303,0.14201174676418304,0.14426030218601227,0.1403418630361557,0.14511318504810333,0.14152249693870544
ParlaMint-NL-en_2022-03-08-tweedekamer-23,2022-03-08,tweedekamer,23,0.14416193962097168,0.14258986711502075,0.1419195830821991,0.14216703176498413,0.14390769600868225,0.1418035924434662,0.1434503048658371
ParlaMint-NL-en_2022-03-09-tweedekamer-3,2022-03-09,tweedekamer,3,0.14965389668941498,0.14083082973957062,0.14525394141674042,0.14501069486141205,0.13642174005508423,0.14086627960205078,0.14196257293224335
ParlaMint-NL-en_2022-03-09-tweedekamer-4,2022-03-09,tweedekamer,4,0.1371186226606369,0.1428583860397339,0.14156082272529602,0.14316381514072418,0.14739829301834106,0.1453475058078766,0.1425524652004242
ParlaMint-NL-en_2022-03-09-tweedekamer-5,2022-03-09,tweedekamer,5,0.14389969408512115,0.14150869846343994,0.14274150133132935,0.14307141304016113,0.14455567300319672,0.14139239490032196,0.14283064007759094
ParlaMint-NL-en_2022-03-09-tweedekamer-8,2022-03-09,tweedekamer,8,0.14493554830551147,0.14350077509880066,0.14304763078689575,0.14269518852233887,0.14146076142787933,0.14276953041553497,0.14159062504768372
ParlaMint-NL-en_2022-03-09-tweedekamer-9,2022-03-09,tweedekamer,9,0.14229322969913483,0.1405637264251709,0.14711053669452667,0.1408013552427292,0.14645351469516754,0.14133001863956451,0.14144766330718994
ParlaMint-NL-en_2022-03-10-tweedekamer-12,2022-03-10,tweedekamer,12,0.14654739201068878,0.14325250685214996,0.14772345125675201,0.13304968178272247,0.15031106770038605,0.13754883408546448,0.14156703650951385
ParlaMint-NL-en_2022-03-10-tweedekamer-3,2022-03-10,tweedekamer,3,0.14753159880638123,0.14134624600410461,0.13830095529556274,0.14389611780643463,0.1452954113483429,0.14244864881038666,0.14118103682994843
ParlaMint-NL-en_2022-03-10-tweedekamer-4,2022-03-10,tweedekamer,4,0.14259958267211914,0.14297732710838318,0.142885223031044,0.14085640013217926,0.14397762715816498,0.14423733949661255,0.1424665004014969
ParlaMint-NL-en_2022-03-10-tweedekamer-8,2022-03-10,tweedekamer,8,0.13770711421966553,0.16488873958587646,0.13651321828365326,0.13615496456623077,0.13964389264583588,0.14116549491882324,0.14392656087875366
ParlaMint-NL-en_2022-03-10-tweedekamer-9,2022-03-10,tweedekamer,9,0.1428554654121399,0.14390413463115692,0.1430179625749588,0.14264342188835144,0.1430961936712265,0.14307434856891632,0.14140844345092773
ParlaMint-NL-en_2022-03-15-eerstekamer-11,2022-03-15,eerstekamer,11,0.1362042874097824,0.1439274400472641,0.14478272199630737,0.13878436386585236,0.1498824954032898,0.14318084716796875,0.1432378739118576
ParlaMint-NL-en_2022-03-15-eerstekamer-12,2022-03-15,eerstekamer,12,0.1436532735824585,0.14304332435131073,0.14317674934864044,0.14211781322956085,0.14321976900100708,0.1419479101896286,0.1428411304950714
ParlaMint-NL-en_2022-03-15-eerstekamer-5,2022-03-15,eerstekamer,5,0.14108878374099731,0.1406247615814209,0.13674914836883545,0.1437406986951828,0.1465463638305664,0.1478171944618225,0.14343298971652985
ParlaMint-NL-en_2022-03-15-tweedekamer-32,2022-03-15,tweedekamer,32,0.14581067860126495,0.14064213633537292,0.14390559494495392,0.14296643435955048,0.1452064961194992,0.13942837715148926,0.14204031229019165
ParlaMint-NL-en_2022-03-15-tweedekamer-33,2022-03-15,tweedekamer,33,0.1434008628129959,0.1398768424987793,0.14514003694057465,0.1462627500295639,0.14152874052524567,0.14320921897888184,0.14058160781860352
ParlaMint-NL-en_2022-03-15-tweedekamer-34,2022-03-15,tweedekamer,34,0.14416436851024628,0.1444300413131714,0.14361123740673065,0.14405116438865662,0.1386471390724182,0.14312559366226196,0.14197057485580444
ParlaMint-NL-en_2022-03-15-tweedekamer-35,2022-03-15,tweedekamer,35,0.13339775800704956,0.14697910845279694,0.14072881639003754,0.13893714547157288,0.14335261285305023,0.15212522447109222,0.14447934925556183
ParlaMint-NL-en_2022-03-15-tweedekamer-36,2022-03-15,tweedekamer,36,0.1430933177471161,0.1402531862258911,0.14345400035381317,0.14404618740081787,0.14713644981384277,0.14069733023643494,0.14131952822208405
ParlaMint-NL-en_2022-03-15-tweedekamer-37,2022-03-15,tweedekamer,37,0.1447662115097046,0.1410508006811142,0.13842716813087463,0.14472933113574982,0.14411747455596924,0.14321152865886688,0.14369748532772064
ParlaMint-NL-en_2022-03-15-tweedekamer-38,2022-03-15,tweedekamer,38,0.1455560326576233,0.14460724592208862,0.14576567709445953,0.14419099688529968,0.13998453319072723,0.13892333209514618,0.1409720927476883
ParlaMint-NL-en_2022-03-17-tweedekamer-6,2022-03-17,tweedekamer,6,0.14285719394683838,0.14229044318199158,0.1419355720281601,0.14280061423778534,0.1441255807876587,0.14244692027568817,0.14354363083839417
ParlaMint-NL-en_2022-03-17-tweedekamer-7,2022-03-17,tweedekamer,7,0.14556971192359924,0.13600286841392517,0.14344562590122223,0.1444186270236969,0.14466479420661926,0.14219743013381958,0.14370080828666687
ParlaMint-NL-en_2022-03-17-tweedekamer-8,2022-03-17,tweedekamer,8,0.14158743619918823,0.14158447086811066,0.14100396633148193,0.14171043038368225,0.14634793996810913,0.14198049902915955,0.1457853466272354
ParlaMint-NL-en_2022-03-22-tweedekamer-25,2022-03-22,tweedekamer,25,0.1439928561449051,0.14278225600719452,0.14413364231586456,0.1452236771583557,0.14411655068397522,0.13904622197151184,0.14070476591587067
ParlaMint-NL-en_2022-03-23-tweedekamer-3,2022-03-23,tweedekamer,3,0.1446487307548523,0.14580599963665009,0.1423552930355072,0.14197342097759247,0.14351236820220947,0.14136169850826263,0.14034247398376465
ParlaMint-NL-en_2022-03-23-tweedekamer-4,2022-03-23,tweedekamer,4,0.14369279146194458,0.14217133820056915,0.14237070083618164,0.14136512577533722,0.14741884171962738,0.14131680130958557,0.14166441559791565
ParlaMint-NL-en_2022-03-23-tweedekamer-7,2022-03-23,tweedekamer,7,0.14531925320625305,0.14258399605751038,0.14247001707553864,0.14143072068691254,0.14355464279651642,0.14166779816150665,0.1429736614227295
ParlaMint-NL-en_2022-03-23-tweedekamer-8,2022-03-23,tweedekamer,8,0.1481798142194748,0.14245566725730896,0.1417831927537918,0.14318165183067322,0.14179208874702454,0.1411498486995697,0.1414577215909958
ParlaMint-NL-en_2022-03-24-tweedekamer-10,2022-03-24,tweedekamer,10,0.14492011070251465,0.14077262580394745,0.14344348013401031,0.14203090965747833,0.1404012143611908,0.14381736516952515,0.1446143537759781
ParlaMint-NL-en_2022-03-24-tweedekamer-3,2022-03-24,tweedekamer,3,0.14233320951461792,0.1450222283601761,0.14510345458984375,0.14160077273845673,0.1391177624464035,0.14443719387054443,0.142385333776474
ParlaMint-NL-en_2022-03-24-tweedekamer-4,2022-03-24,tweedekamer,4,0.1452925056219101,0.14150333404541016,0.14217442274093628,0.14134812355041504,0.1430097073316574,0.14357158541679382,0.1431003361940384
ParlaMint-NL-en_2022-03-24-tweedekamer-9,2022-03-24,tweedekamer,9,0.14417928457260132,0.13011451065540314,0.13948674499988556,0.14498348534107208,0.15028007328510284,0.14543449878692627,0.14552141726016998
ParlaMint-NL-en_2022-03-29-tweedekamer-18,2022-03-29,tweedekamer,18,0.14237622916698456,0.1418834924697876,0.14294253289699554,0.14288140833377838,0.13917292654514313,0.14685241878032684,0.14389094710350037
ParlaMint-NL-en_2022-03-29-tweedekamer-19,2022-03-29,tweedekamer,19,0.14429068565368652,0.1438523232936859,0.1430869698524475,0.14364920556545258,0.14042207598686218,0.1424170434474945,0.1422816812992096
ParlaMint-NL-en_2022-03-29-tweedekamer-20,2022-03-29,tweedekamer,20,0.14305441081523895,0.1451655477285385,0.14152774214744568,0.14434388279914856,0.14426440000534058,0.13943979144096375,0.1422041803598404
ParlaMint-NL-en_2022-03-30-tweedekamer-10,2022-03-30,tweedekamer,10,0.14590024948120117,0.1423281580209732,0.14398951828479767,0.14267584681510925,0.13566671311855316,0.14689400792121887,0.14254550635814667
ParlaMint-NL-en_2022-03-30-tweedekamer-11,2022-03-30,tweedekamer,11,0.14154420793056488,0.14551520347595215,0.1444142460823059,0.139165461063385,0.1373051553964615,0.14345593750476837,0.1485998034477234
ParlaMint-NL-en_2022-03-30-tweedekamer-12,2022-03-30,tweedekamer,12,0.14100311696529388,0.1448054313659668,0.14203228056430817,0.14258237183094025,0.14470967650413513,0.14439135789871216,0.14047572016716003
ParlaMint-NL-en_2022-03-30-tweedekamer-13,2022-03-30,tweedekamer,13,0.14387758076190948,0.14146000146865845,0.1414942890405655,0.14523953199386597,0.14247453212738037,0.14287370443344116,0.14258040487766266
ParlaMint-NL-en_2022-03-30-tweedekamer-2,2022-03-30,tweedekamer,2,0.14251060783863068,0.14409829676151276,0.14448778331279755,0.14353559911251068,0.1384154111146927,0.14264865219593048,0.14430367946624756
ParlaMint-NL-en_2022-03-30-tweedekamer-5,2022-03-30,tweedekamer,5,0.14560899138450623,0.1406516134738922,0.14752596616744995,0.14173170924186707,0.14105355739593506,0.14120015501976013,0.14222799241542816
ParlaMint-NL-en_2022-03-30-tweedekamer-6,2022-03-30,tweedekamer,6,0.14760632812976837,0.14083470404148102,0.14353090524673462,0.14502811431884766,0.13878923654556274,0.1430191546678543,0.1411915123462677
ParlaMint-NL-en_2022-03-30-tweedekamer-7,2022-03-30,tweedekamer,7,0.14400242269039154,0.14299650490283966,0.14322423934936523,0.14151281118392944,0.14284640550613403,0.14321821928024292,0.1421993374824524
ParlaMint-NL-en_2022-03-30-tweedekamer-8,2022-03-30,tweedekamer,8,0.2266574203968048,0.10482463240623474,0.12212669849395752,0.11874427646398544,0.14931483566761017,0.14884042739868164,0.1294916570186615
ParlaMint-NL-en_2022-03-30-tweedekamer-9,2022-03-30,tweedekamer,9,0.14356200397014618,0.1426401138305664,0.14217105507850647,0.14576825499534607,0.1365276277065277,0.14527444541454315,0.14405646920204163
ParlaMint-NL-en_2022-03-31-tweedekamer-12,2022-03-31,tweedekamer,12,0.14452630281448364,0.13893938064575195,0.14584894478321075,0.129459947347641,0.1482405811548233,0.14456838369369507,0.14841651916503906
ParlaMint-NL-en_2022-03-31-tweedekamer-13,2022-03-31,tweedekamer,13,0.14197175204753876,0.13927213847637177,0.14027075469493866,0.14677239954471588,0.14376726746559143,0.1431085169315338,0.1448371559381485
ParlaMint-NL-en_2022-03-31-tweedekamer-14,2022-03-31,tweedekamer,14,0.1437263935804367,0.14129000902175903,0.14131522178649902,0.14369578659534454,0.14527560770511627,0.14220073819160461,0.14249619841575623
ParlaMint-NL-en_2022-03-31-tweedekamer-4,2022-03-31,tweedekamer,4,0.1434328854084015,0.14047959446907043,0.14179052412509918,0.14195384085178375,0.14232143759727478,0.14735515415668488,0.1426665484905243
ParlaMint-NL-en_2022-03-31-tweedekamer-5,2022-03-31,tweedekamer,5,0.14519087970256805,0.14199315011501312,0.14197632670402527,0.14324669539928436,0.14262957870960236,0.1424557864665985,0.14250753819942474
ParlaMint-NL-en_2022-03-31-tweedekamer-6,2022-03-31,tweedekamer,6,0.14272882044315338,0.1420639157295227,0.1434868425130844,0.14367209374904633,0.1430513858795166,0.14169786870479584,0.14329911768436432
ParlaMint-NL-en_2022-04-05-tweedekamer-30,2022-04-05,tweedekamer,30,0.14565381407737732,0.1501084417104721,0.14195477962493896,0.1384183168411255,0.14154256880283356,0.1365770399570465,0.14574508368968964
ParlaMint-NL-en_2022-04-05-tweedekamer-31,2022-04-05,tweedekamer,31,0.14533060789108276,0.14244768023490906,0.1416437327861786,0.14234140515327454,0.14121897518634796,0.14371557533740997,0.14330197870731354
ParlaMint-NL-en_2022-04-05-tweedekamer-32,2022-04-05,tweedekamer,32,0.1468876302242279,0.14270803332328796,0.14330166578292847,0.141625314950943,0.14019256830215454,0.14253853261470795,0.14274631440639496
ParlaMint-NL-en_2022-04-06-tweedekamer-10,2022-04-06,tweedekamer,10,0.14361636340618134,0.14346149563789368,0.14378724992275238,0.14028912782669067,0.14442846179008484,0.14214999973773956,0.14226731657981873
ParlaMint-NL-en_2022-04-06-tweedekamer-11,2022-04-06,tweedekamer,11,0.14598040282726288,0.14299777150154114,0.1427740752696991,0.14313644170761108,0.1394502967596054,0.14336666464805603,0.14229433238506317
ParlaMint-NL-en_2022-04-06-tweedekamer-3,2022-04-06,tweedekamer,3,0.14453789591789246,0.13922588527202606,0.14303278923034668,0.14565543830394745,0.14252671599388123,0.13981685042381287,0.14520445466041565
ParlaMint-NL-en_2022-04-06-tweedekamer-4,2022-04-06,tweedekamer,4,0.1409168541431427,0.14241798222064972,0.14595837891101837,0.13968437910079956,0.14109551906585693,0.14509551227092743,0.1448313146829605
ParlaMint-NL-en_2022-04-06-tweedekamer-5,2022-04-06,tweedekamer,5,0.14094489812850952,0.15937797725200653,0.1392335593700409,0.13803690671920776,0.13735666871070862,0.14213599264621735,0.14291399717330933
ParlaMint-NL-en_2022-04-06-tweedekamer-6,2022-04-06,tweedekamer,6,0.15051722526550293,0.14148737490177155,0.14358073472976685,0.14232437312602997,0.14163783192634583,0.14069890975952148,0.13975362479686737
ParlaMint-NL-en_2022-04-06-tweedekamer-9,2022-04-06,tweedekamer,9,0.14509224891662598,0.14747220277786255,0.13965502381324768,0.1421651393175125,0.1421058028936386,0.1409362256526947,0.14257337152957916
ParlaMint-NL-en_2022-04-07-tweedekamer-3,2022-04-07,tweedekamer,3,0.14417710900306702,0.14195109903812408,0.14129017293453217,0.14231999218463898,0.1447179764509201,0.1420069932937622,0.14353668689727783
ParlaMint-NL-en_2022-04-07-tweedekamer-9,2022-04-07,tweedekamer,9,0.14274640381336212,0.1405375897884369,0.14055119454860687,0.1442619413137436,0.14544402062892914,0.14326472580432892,0.14319412410259247
ParlaMint-NL-en_2022-04-12-tweedekamer-23,2022-04-12,tweedekamer,23,0.1430835723876953,0.14363092184066772,0.14506657421588898,0.14174599945545197,0.14260485768318176,0.14162954688072205,0.1422385722398758
ParlaMint-NL-en_2022-04-12-tweedekamer-24,2022-04-12,tweedekamer,24,0.1429917961359024,0.14232321083545685,0.13815566897392273,0.14265145361423492,0.14427010715007782,0.14480654895305634,0.14480118453502655
ParlaMint-NL-en_2022-04-13-tweedekamer-10,2022-04-13,tweedekamer,10,0.14494472742080688,0.14030110836029053,0.13835452497005463,0.14564312994480133,0.14289389550685883,0.14415359497070312,0.14370904862880707
ParlaMint-NL-en_2022-04-13-tweedekamer-11,2022-04-13,tweedekamer,11,0.1426675021648407,0.1422361135482788,0.14185582101345062,0.138559952378273,0.14646291732788086,0.14389225840568542,0.14432543516159058
ParlaMint-NL-en_2022-04-13-tweedekamer-3,2022-04-13,tweedekamer,3,0.1438092440366745,0.1438477486371994,0.14096716046333313,0.14306588470935822,0.1448584347963333,0.14333964884281158,0.14011187851428986
ParlaMint-NL-en_2022-04-13-tweedekamer-4,2022-04-13,tweedekamer,4,0.14400342106819153,0.1438305824995041,0.14619068801403046,0.1466829925775528,0.14142295718193054,0.14135172963142395,0.1365176886320114
ParlaMint-NL-en_2022-04-13-tweedekamer-5,2022-04-13,tweedekamer,5,0.1449967622756958,0.14165538549423218,0.14484035968780518,0.14550772309303284,0.14446598291397095,0.1393125206232071,0.13922126591205597
ParlaMint-NL-en_2022-04-13-tweedekamer-6,2022-04-13,tweedekamer,6,0.14551496505737305,0.1411954164505005,0.14619357883930206,0.1457943469285965,0.13776032626628876,0.1424388289451599,0.14110256731510162
ParlaMint-NL-en_2022-04-13-tweedekamer-9,2022-04-13,tweedekamer,9,0.1425626128911972,0.14327293634414673,0.14680039882659912,0.14416007697582245,0.14602956175804138,0.13726574182510376,0.13990867137908936
ParlaMint-NL-en_2022-04-14-tweedekamer-10,2022-04-14,tweedekamer,10,0.1487150490283966,0.14228038489818573,0.13947033882141113,0.14229202270507812,0.1427270770072937,0.14279142022132874,0.14172372221946716
ParlaMint-NL-en_2022-04-14-tweedekamer-11,2022-04-14,tweedekamer,11,0.14149874448776245,0.14361631870269775,0.1422930657863617,0.14116889238357544,0.1416604220867157,0.1453162580728531,0.14444632828235626
ParlaMint-NL-en_2022-04-14-tweedekamer-12,2022-04-14,tweedekamer,12,0.13799218833446503,0.1428440660238266,0.1436498761177063,0.14560681581497192,0.14176368713378906,0.14428293704986572,0.14386044442653656
ParlaMint-NL-en_2022-04-14-tweedekamer-13,2022-04-14,tweedekamer,13,0.143861785531044,0.1433212012052536,0.14270558953285217,0.14494913816452026,0.13938142359256744,0.14410769939422607,0.14167320728302002
ParlaMint-NL-en_2022-04-14-tweedekamer-14,2022-04-14,tweedekamer,14,0.14518845081329346,0.14121921360492706,0.14407387375831604,0.14249993860721588,0.14399631321430206,0.1405334323644638,0.1424887776374817
ParlaMint-NL-en_2022-04-14-tweedekamer-15,2022-04-14,tweedekamer,15,0.13458487391471863,0.14951840043067932,0.1314532607793808,0.14515121281147003,0.1463724672794342,0.14780163764953613,0.14511814713478088
ParlaMint-NL-en_2022-04-14-tweedekamer-16,2022-04-14,tweedekamer,16,0.14318397641181946,0.1424674689769745,0.1407553255558014,0.14512309432029724,0.14419952034950256,0.14248588681221008,0.1417846530675888
ParlaMint-NL-en_2022-04-14-tweedekamer-17,2022-04-14,tweedekamer,17,0.14612948894500732,0.13955183327198029,0.14251381158828735,0.1457475870847702,0.1421358734369278,0.14142397046089172,0.1424974501132965
ParlaMint-NL-en_2022-04-14-tweedekamer-18,2022-04-14,tweedekamer,18,0.14358152449131012,0.14179787039756775,0.13995474576950073,0.14401136338710785,0.1425866335630417,0.14410890638828278,0.1439589262008667
ParlaMint-NL-en_2022-04-14-tweedekamer-19,2022-04-14,tweedekamer,19,0.14527083933353424,0.14379610121250153,0.1412857174873352,0.1439235359430313,0.14092005789279938,0.1423720419406891,0.14243179559707642
ParlaMint-NL-en_2022-04-14-tweedekamer-5,2022-04-14,tweedekamer,5,0.13872066140174866,0.1455141007900238,0.1439369022846222,0.1440398246049881,0.1425856649875641,0.14575210213661194,0.1394507884979248
ParlaMint-NL-en_2022-04-14-tweedekamer-6,2022-04-14,tweedekamer,6,0.14457038044929504,0.1431380957365036,0.14387521147727966,0.14278534054756165,0.14257818460464478,0.1418684870004654,0.14118430018424988
ParlaMint-NL-en_2022-04-14-tweedekamer-9,2022-04-14,tweedekamer,9,0.14332997798919678,0.14219480752944946,0.1433354914188385,0.14348985254764557,0.14511443674564362,0.140129953622818,0.14240550994873047
ParlaMint-NL-en_2022-04-19-eerstekamer-6,2022-04-19,eerstekamer,6,0.14490924775600433,0.14269743859767914,0.14432351291179657,0.13986365497112274,0.14062583446502686,0.14449714124202728,0.14308322966098785
ParlaMint-NL-en_2022-04-19-tweedekamer-41,2022-04-19,tweedekamer,41,0.14488601684570312,0.1409779191017151,0.14343681931495667,0.1436992734670639,0.14065520465373993,0.14287307858467102,0.1434716135263443
ParlaMint-NL-en_2022-04-19-tweedekamer-42,2022-04-19,tweedekamer,42,0.1478734016418457,0.14079555869102478,0.1390807181596756,0.14662517607212067,0.13807028532028198,0.14349433779716492,0.14406049251556396
ParlaMint-NL-en_2022-04-19-tweedekamer-43,2022-04-19,tweedekamer,43,0.14162403345108032,0.14746320247650146,0.14259618520736694,0.14158736169338226,0.14009881019592285,0.14335480332374573,0.14327563345432281
ParlaMint-NL-en_2022-04-19-tweedekamer-44,2022-04-19,tweedekamer,44,0.14257827401161194,0.14559422433376312,0.14213010668754578,0.1441272795200348,0.13855499029159546,0.1433270126581192,0.14368818700313568
ParlaMint-NL-en_2022-04-19-tweedekamer-45,2022-04-19,tweedekamer,45,0.14596714079380035,0.14176331460475922,0.1422828882932663,0.14258608222007751,0.1465347707271576,0.14265227317810059,0.13821357488632202
ParlaMint-NL-en_2022-04-19-tweedekamer-46,2022-04-19,tweedekamer,46,0.14602825045585632,0.14447341859340668,0.14830155670642853,0.1432497799396515,0.13599811494350433,0.14113523066043854,0.14081376791000366
ParlaMint-NL-en_2022-04-20-tweedekamer-11,2022-04-20,tweedekamer,11,0.14697197079658508,0.14069272577762604,0.14480634033679962,0.1444394290447235,0.14779117703437805,0.1342068910598755,0.14109143614768982
ParlaMint-NL-en_2022-04-20-tweedekamer-12,2022-04-20,tweedekamer,12,0.1425328552722931,0.14193063974380493,0.14400418102741241,0.14237481355667114,0.14241944253444672,0.14375941455364227,0.14297866821289062
ParlaMint-NL-en_2022-04-20-tweedekamer-13,2022-04-20,tweedekamer,13,0.14920714497566223,0.1377684324979782,0.14466743171215057,0.1413068026304245,0.14331041276454926,0.14058656990528107,0.14315322041511536
ParlaMint-NL-en_2022-04-20-tweedekamer-14,2022-04-20,tweedekamer,14,0.14078354835510254,0.141764298081398,0.14292894303798676,0.14232027530670166,0.14333434402942657,0.1440536081790924,0.14481496810913086
ParlaMint-NL-en_2022-04-20-tweedekamer-15,2022-04-20,tweedekamer,15,0.1454463005065918,0.1407122164964676,0.1390271633863449,0.1426761895418167,0.14237691462039948,0.1449955850839615,0.14476566016674042
ParlaMint-NL-en_2022-04-20-tweedekamer-3,2022-04-20,tweedekamer,3,0.1428011953830719,0.1433756798505783,0.14410628378391266,0.14315280318260193,0.14132876694202423,0.14325736463069916,0.14197789132595062
ParlaMint-NL-en_2022-04-20-tweedekamer-4,2022-04-20,tweedekamer,4,0.14455966651439667,0.1483091413974762,0.142957404255867,0.13948304951190948,0.14306336641311646,0.14014969766139984,0.14147762954235077
ParlaMint-NL-en_2022-04-20-tweedekamer-5,2022-04-20,tweedekamer,5,0.14106568694114685,0.14700934290885925,0.1426606923341751,0.13904806971549988,0.1471892148256302,0.14052243530750275,0.1425045132637024
ParlaMint-NL-en_2022-04-20-tweedekamer-6,2022-04-20,tweedekamer,6,0.14802947640419006,0.14021171629428864,0.14152464270591736,0.14282912015914917,0.1415291279554367,0.1434531807899475,0.14242272078990936
ParlaMint-NL-en_2022-04-20-tweedekamer-7,2022-04-20,tweedekamer,7,0.14409087598323822,0.14072555303573608,0.13995961844921112,0.14182455837726593,0.14957261085510254,0.14013861119747162,0.14368818700313568
ParlaMint-NL-en_2022-04-20-tweedekamer-8,2022-04-20,tweedekamer,8,0.14309915900230408,0.14278480410575867,0.14380474388599396,0.14119067788124084,0.14044880867004395,0.14230899512767792,0.14636282622814178
ParlaMint-NL-en_2022-04-21-tweedekamer-10,2022-04-21,tweedekamer,10,0.1439245194196701,0.14350050687789917,0.14073508977890015,0.14119277894496918,0.14684177935123444,0.13990330696105957,0.14390212297439575
ParlaMint-NL-en_2022-04-21-tweedekamer-4,2022-04-21,tweedekamer,4,0.14289112389087677,0.14364899694919586,0.14387623965740204,0.14374443888664246,0.14266899228096008,0.14312197268009186,0.14004816114902496
ParlaMint-NL-en_2022-04-21-tweedekamer-8,2022-04-21,tweedekamer,8,0.14186912775039673,0.14200860261917114,0.1448775678873062,0.14247320592403412,0.1439180076122284,0.14286257326602936,0.14199092984199524
ParlaMint-NL-en_2022-04-21-tweedekamer-9,2022-04-21,tweedekamer,9,0.14493227005004883,0.13470561802387238,0.1456170231103897,0.14134187996387482,0.1453559249639511,0.14357367157936096,0.1444736123085022
ParlaMint-NL-en_2022-05-10-tweedekamer-32,2022-05-10,tweedekamer,32,0.1448933482170105,0.14386603236198425,0.14310553669929504,0.14521481096744537,0.13643960654735565,0.14423248171806335,0.14224815368652344
ParlaMint-NL-en_2022-05-10-tweedekamer-33,2022-05-10,tweedekamer,33,0.14755527675151825,0.14280763268470764,0.140206441283226,0.1455117166042328,0.13866862654685974,0.14139539003372192,0.14385491609573364
ParlaMint-NL-en_2022-05-11-tweedekamer-10,2022-05-11,tweedekamer,10,0.13989204168319702,0.14580819010734558,0.13900652527809143,0.14565333724021912,0.14701002836227417,0.14034099876880646,0.14228887856006622
ParlaMint-NL-en_2022-05-11-tweedekamer-11,2022-05-11,tweedekamer,11,0.14417852461338043,0.14208948612213135,0.14413410425186157,0.14439170062541962,0.1385025829076767,0.14381974935531616,0.14288386702537537
ParlaMint-NL-en_2022-05-11-tweedekamer-12,2022-05-11,tweedekamer,12,0.13997110724449158,0.14585614204406738,0.14242872595787048,0.13977688550949097,0.14548353850841522,0.14381586015224457,0.142667755484581
ParlaMint-NL-en_2022-05-11-tweedekamer-3,2022-05-11,tweedekamer,3,0.14340943098068237,0.14289918541908264,0.14637774229049683,0.14075849950313568,0.13825063407421112,0.14171291887760162,0.14659157395362854
ParlaMint-NL-en_2022-05-11-tweedekamer-4,2022-05-11,tweedekamer,4,0.14264921844005585,0.14938215911388397,0.1412992626428604,0.14225609600543976,0.13461799919605255,0.1454380750656128,0.14435714483261108
ParlaMint-NL-en_2022-05-11-tweedekamer-5,2022-05-11,tweedekamer,5,0.14467398822307587,0.14148740470409393,0.1443593055009842,0.14306464791297913,0.13963399827480316,0.14271953701972961,0.1440611630678177
ParlaMint-NL-en_2022-05-11-tweedekamer-9,2022-05-11,tweedekamer,9,0.14431725442409515,0.14362870156764984,0.14298082888126373,0.1450108140707016,0.13864603638648987,0.1415621042251587,0.1438542902469635
ParlaMint-NL-en_2022-05-12-tweedekamer-3,2022-05-12,tweedekamer,3,0.1421584188938141,0.14228573441505432,0.1425907462835312,0.14224359393119812,0.1425010859966278,0.14485161006450653,0.14336884021759033
ParlaMint-NL-en_2022-05-12-tweedekamer-6,2022-05-12,tweedekamer,6,0.14417114853858948,0.1411389708518982,0.14401854574680328,0.14359025657176971,0.1437281370162964,0.1421051323413849,0.14124774932861328
ParlaMint-NL-en_2022-05-17-eerstekamer-3,2022-05-17,eerstekamer,3,0.1427651196718216,0.14262446761131287,0.14151671528816223,0.14518700540065765,0.14166942238807678,0.14291085302829742,0.14332637190818787
ParlaMint-NL-en_2022-05-17-eerstekamer-6,2022-05-17,eerstekamer,6,0.1439378410577774,0.14066259562969208,0.14259663224220276,0.14368878304958344,0.14212986826896667,0.14287033677101135,0.1441139280796051
ParlaMint-NL-en_2022-05-17-tweedekamer-21,2022-05-17,tweedekamer,21,0.1458200365304947,0.140493243932724,0.14498023688793182,0.14426973462104797,0.14652162790298462,0.13880987465381622,0.13910523056983948
ParlaMint-NL-en_2022-05-17-tweedekamer-22,2022-05-17,tweedekamer,22,0.14498937129974365,0.1404932737350464,0.1437113881111145,0.14405964314937592,0.1408599615097046,0.14366234838962555,0.1422240138053894
ParlaMint-NL-en_2022-05-18-tweedekamer-10,2022-05-18,tweedekamer,10,0.14290033280849457,0.14037907123565674,0.14379221200942993,0.1430879831314087,0.14309418201446533,0.14181871712207794,0.144927516579628
ParlaMint-NL-en_2022-05-18-tweedekamer-3,2022-05-18,tweedekamer,3,0.14341221749782562,0.14317640662193298,0.1430126130580902,0.1427917629480362,0.14554736018180847,0.13855545222759247,0.14350415766239166
ParlaMint-NL-en_2022-05-18-tweedekamer-6,2022-05-18,tweedekamer,6,0.14266452193260193,0.1435934156179428,0.13923639059066772,0.1432931274175644,0.1420080065727234,0.14260055124759674,0.14660397171974182
ParlaMint-NL-en_2022-05-18-tweedekamer-8,2022-05-18,tweedekamer,8,0.15017037093639374,0.1408328264951706,0.14265620708465576,0.1411423683166504,0.13681983947753906,0.1438312828540802,0.14454711973667145
ParlaMint-NL-en_2022-05-18-tweedekamer-9,2022-05-18,tweedekamer,9,0.1419753134250641,0.14384590089321136,0.14341986179351807,0.14477239549160004,0.14455285668373108,0.1420322060585022,0.13940148055553436
ParlaMint-NL-en_2022-05-19-tweedekamer-10,2022-05-19,tweedekamer,10,0.14069338142871857,0.14476953446865082,0.14286038279533386,0.14379198849201202,0.13869136571884155,0.14249025285243988,0.1467031091451645
ParlaMint-NL-en_2022-05-19-tweedekamer-11,2022-05-19,tweedekamer,11,0.13644593954086304,0.14102908968925476,0.14049631357192993,0.14361943304538727,0.15103952586650848,0.1427086740732193,0.14466097950935364
ParlaMint-NL-en_2022-05-19-tweedekamer-3,2022-05-19,tweedekamer,3,0.14060695469379425,0.14150625467300415,0.14318466186523438,0.1444578468799591,0.1420842707157135,0.14362096786499023,0.14453907310962677
ParlaMint-NL-en_2022-05-19-tweedekamer-6,2022-05-19,tweedekamer,6,0.1447095274925232,0.13969489932060242,0.14222343266010284,0.1445993185043335,0.14481522142887115,0.14305782318115234,0.14089974761009216
ParlaMint-NL-en_2022-05-19-tweedekamer-7,2022-05-19,tweedekamer,7,0.14127478003501892,0.14581398665905,0.14144277572631836,0.14221684634685516,0.13849879801273346,0.146869495511055,0.14388340711593628
ParlaMint-NL-en_2022-05-24-eerstekamer-10,2022-05-24,eerstekamer,10,0.14470267295837402,0.14326445758342743,0.14228801429271698,0.14391539990901947,0.1409294456243515,0.1424778252840042,0.14242224395275116
ParlaMint-NL-en_2022-05-24-eerstekamer-8,2022-05-24,eerstekamer,8,0.144162118434906,0.14304165542125702,0.1429087519645691,0.14315657317638397,0.13974067568778992,0.1433507651090622,0.1436394304037094
ParlaMint-NL-en_2022-05-24-eerstekamer-9,2022-05-24,eerstekamer,9,0.14313757419586182,0.13958896696567535,0.13804899156093597,0.1405271589756012,0.14689357578754425,0.14684249460697174,0.14496123790740967
ParlaMint-NL-en_2022-05-24-tweedekamer-22,2022-05-24,tweedekamer,22,0.14399489760398865,0.14328105747699738,0.1430133432149887,0.14135418832302094,0.14367401599884033,0.14243444800376892,0.14224806427955627
ParlaMint-NL-en_2022-05-24-tweedekamer-23,2022-05-24,tweedekamer,23,0.1431608647108078,0.14241275191307068,0.14201585948467255,0.14368872344493866,0.1448809951543808,0.14267171919345856,0.14116910099983215
ParlaMint-NL-en_2022-05-24-tweedekamer-24,2022-05-24,tweedekamer,24,0.14354781806468964,0.1395639330148697,0.14097855985164642,0.14445796608924866,0.14654764533042908,0.1397840678691864,0.14512000977993011
ParlaMint-NL-en_2022-05-24-tweedekamer-25,2022-05-24,tweedekamer,25,0.14249171316623688,0.13911981880664825,0.14699789881706238,0.14387568831443787,0.14362192153930664,0.14302851259708405,0.14086441695690155
ParlaMint-NL-en_2022-05-25-tweedekamer-10,2022-05-25,tweedekamer,10,0.1430710107088089,0.1455933153629303,0.14292313158512115,0.14077655971050262,0.1392499953508377,0.14324602484703064,0.14513994753360748
ParlaMint-NL-en_2022-05-25-tweedekamer-11,2022-05-25,tweedekamer,11,0.14493818581104279,0.13890816271305084,0.1477130949497223,0.14236173033714294,0.1438378095626831,0.14098119735717773,0.1412598192691803
ParlaMint-NL-en_2022-05-25-tweedekamer-12,2022-05-25,tweedekamer,12,0.141285702586174,0.14713943004608154,0.1437411904335022,0.14150261878967285,0.14577610790729523,0.1413438320159912,0.13921117782592773
ParlaMint-NL-en_2022-05-25-tweedekamer-4,2022-05-25,tweedekamer,4,0.14406819641590118,0.14293311536312103,0.14396826922893524,0.1420634686946869,0.14117173850536346,0.14389193058013916,0.14190322160720825
ParlaMint-NL-en_2022-05-25-tweedekamer-5,2022-05-25,tweedekamer,5,0.13798175752162933,0.14380744099617004,0.1434040516614914,0.14257113635540009,0.14480681717395782,0.144413024187088,0.14301572740077972
ParlaMint-NL-en_2022-05-25-tweedekamer-9,2022-05-25,tweedekamer,9,0.1435219645500183,0.1419253945350647,0.14356978237628937,0.1453980803489685,0.1406584531068802,0.14322645962238312,0.14169985055923462
ParlaMint-NL-en_2022-05-31-eerstekamer-11,2022-05-31,eerstekamer,11,0.14224833250045776,0.14228060841560364,0.14169974625110626,0.14617392420768738,0.14037248492240906,0.14369143545627594,0.14353348314762115
ParlaMint-NL-en_2022-05-31-eerstekamer-12,2022-05-31,eerstekamer,12,0.14379072189331055,0.1419783979654312,0.14339154958724976,0.1428183764219284,0.14491766691207886,0.14114686846733093,0.1419563740491867
ParlaMint-NL-en_2022-05-31-eerstekamer-3,2022-05-31,eerstekamer,3,0.14383170008659363,0.14213748276233673,0.1369578093290329,0.14377358555793762,0.14580942690372467,0.14179754257202148,0.1456923931837082
ParlaMint-NL-en_2022-05-31-tweedekamer-32,2022-05-31,tweedekamer,32,0.1424461454153061,0.1444370001554489,0.14259037375450134,0.14161254465579987,0.145371213555336,0.1404067575931549,0.14313597977161407
ParlaMint-NL-en_2022-05-31-tweedekamer-33,2022-05-31,tweedekamer,33,0.14101508259773254,0.14501012861728668,0.1419062316417694,0.14335747063159943,0.1444016546010971,0.1412605345249176,0.14304891228675842
ParlaMint-NL-en_2022-05-31-tweedekamer-34,2022-05-31,tweedekamer,34,0.143523171544075,0.1421702802181244,0.1384190171957016,0.14390139281749725,0.14570072293281555,0.1433376669883728,0.1429477334022522
ParlaMint-NL-en_2022-05-31-tweedekamer-35,2022-05-31,tweedekamer,35,0.14331631362438202,0.14139041304588318,0.14164890348911285,0.1412806659936905,0.14677707850933075,0.14296703040599823,0.14261962473392487
ParlaMint-NL-en_2022-06-01-tweedekamer-10,2022-06-01,tweedekamer,10,0.14436191320419312,0.13921162486076355,0.1432129293680191,0.14328059554100037,0.144550621509552,0.14260272681713104,0.14277952909469604
ParlaMint-NL-en_2022-06-01-tweedekamer-2,2022-06-01,tweedekamer,2,0.14548876881599426,0.14075741171836853,0.14237511157989502,0.14567367732524872,0.13771390914916992,0.14280876517295837,0.1451822966337204
ParlaMint-NL-en_2022-06-01-tweedekamer-3,2022-06-01,tweedekamer,3,0.1456785649061203,0.13951876759529114,0.1520940512418747,0.14424166083335876,0.13957323133945465,0.13703201711177826,0.1418617069721222
ParlaMint-NL-en_2022-06-01-tweedekamer-4,2022-06-01,tweedekamer,4,0.1527661234140396,0.1375199556350708,0.14481477439403534,0.14345590770244598,0.1361849159002304,0.14223070442676544,0.14302757382392883
ParlaMint-NL-en_2022-06-01-tweedekamer-5,2022-06-01,tweedekamer,5,0.14184615015983582,0.14212948083877563,0.14226612448692322,0.14071112871170044,0.1461157351732254,0.14192315936088562,0.14500825107097626
ParlaMint-NL-en_2022-06-01-tweedekamer-8,2022-06-01,tweedekamer,8,0.14214752614498138,0.14674772322177887,0.14014485478401184,0.14250534772872925,0.14528508484363556,0.14029420912265778,0.1428753137588501
ParlaMint-NL-en_2022-06-01-tweedekamer-9,2022-06-01,tweedekamer,9,0.1427730917930603,0.14244171977043152,0.14290861785411835,0.1410565823316574,0.1471022069454193,0.14128243923187256,0.14243534207344055
ParlaMint-NL-en_2022-06-02-tweedekamer-10,2022-06-02,tweedekamer,10,0.14444629848003387,0.14129316806793213,0.14187224209308624,0.1439133882522583,0.14173349738121033,0.14466749131679535,0.1420740932226181
ParlaMint-NL-en_2022-06-02-tweedekamer-11,2022-06-02,tweedekamer,11,0.14284378290176392,0.14098674058914185,0.14201249182224274,0.14277280867099762,0.14264364540576935,0.14346982538700104,0.14527063071727753
ParlaMint-NL-en_2022-06-02-tweedekamer-18,2022-06-02,tweedekamer,18,0.14590436220169067,0.14068293571472168,0.1447860449552536,0.1416475921869278,0.14017952978610992,0.1441391408443451,0.14266034960746765
ParlaMint-NL-en_2022-06-02-tweedekamer-4,2022-06-02,tweedekamer,4,0.14152632653713226,0.1414203643798828,0.14165587723255157,0.14316953718662262,0.14632095396518707,0.14206606149673462,0.14384089410305023
ParlaMint-NL-en_2022-06-02-tweedekamer-5,2022-06-02,tweedekamer,5,0.14271049201488495,0.14059728384017944,0.14215852320194244,0.14469128847122192,0.14432235062122345,0.14298667013645172,0.14253339171409607
ParlaMint-NL-en_2022-06-02-tweedekamer-6,2022-06-02,tweedekamer,6,0.15749385952949524,0.14195212721824646,0.1428913027048111,0.14733511209487915,0.14079873263835907,0.13365496695041656,0.13587401807308197
ParlaMint-NL-en_2022-06-02-tweedekamer-7,2022-06-02,tweedekamer,7,0.14292514324188232,0.14607810974121094,0.1397772580385208,0.14213033020496368,0.14301227033138275,0.14301152527332306,0.14306531846523285
ParlaMint-NL-en_2022-06-02-tweedekamer-8,2022-06-02,tweedekamer,8,0.1481095254421234,0.14513400197029114,0.14621327817440033,0.14974737167358398,0.1404082477092743,0.146052747964859,0.12433493882417679
ParlaMint-NL-en_2022-06-02-tweedekamer-9,2022-06-02,tweedekamer,9,0.14351500570774078,0.1421801745891571,0.14164000749588013,0.14592348039150238,0.14306049048900604,0.14440453052520752,0.13927631080150604
ParlaMint-NL-en_2022-06-07-eerstekamer-3,2022-06-07,eerstekamer,3,0.14807207882404327,0.1402963250875473,0.14531777799129486,0.14442312717437744,0.13743525743484497,0.14248672127723694,0.1419687271118164
ParlaMint-NL-en_2022-06-07-eerstekamer-6,2022-06-07,eerstekamer,6,0.14148277044296265,0.14042982459068298,0.14074726402759552,0.14301960170269012,0.1452437937259674,0.14440180361270905,0.14467492699623108
ParlaMint-NL-en_2022-06-07-tweedekamer-34,2022-06-07,tweedekamer,34,0.1408039629459381,0.147589311003685,0.14289133250713348,0.1428092122077942,0.1367824822664261,0.14427535235881805,0.14484834671020508
ParlaMint-NL-en_2022-06-07-tweedekamer-35,2022-06-07,tweedekamer,35,0.14704839885234833,0.13961242139339447,0.14255374670028687,0.1432509422302246,0.1361043006181717,0.14556977152824402,0.14586041867733002
ParlaMint-NL-en_2022-06-07-tweedekamer-36,2022-06-07,tweedekamer,36,0.14338557422161102,0.14327867329120636,0.1428278088569641,0.14313247799873352,0.13955934345722198,0.14432542026042938,0.14349068701267242
ParlaMint-NL-en_2022-06-07-tweedekamer-37,2022-06-07,tweedekamer,37,0.14293614029884338,0.14115135371685028,0.14202053844928741,0.14273470640182495,0.1469237208366394,0.14318373799324036,0.1410498023033142
ParlaMint-NL-en_2022-06-07-tweedekamer-38,2022-06-07,tweedekamer,38,0.1448776125907898,0.14337745308876038,0.14416877925395966,0.14143836498260498,0.1456230878829956,0.13846883177757263,0.14204588532447815
ParlaMint-NL-en_2022-06-08-tweedekamer-10,2022-06-08,tweedekamer,10,0.14299029111862183,0.147084578871727,0.14081025123596191,0.14524562656879425,0.13820017874240875,0.14382657408714294,0.14184245467185974
ParlaMint-NL-en_2022-06-08-tweedekamer-3,2022-06-08,tweedekamer,3,0.14170321822166443,0.14163728058338165,0.14311842620372772,0.14262495934963226,0.14330130815505981,0.14339718222618103,0.1442175954580307
ParlaMint-NL-en_2022-06-08-tweedekamer-4,2022-06-08,tweedekamer,4,0.14472709596157074,0.14295054972171783,0.14297889173030853,0.14169859886169434,0.1425410956144333,0.14249342679977417,0.14261040091514587
ParlaMint-NL-en_2022-06-08-tweedekamer-7,2022-06-08,tweedekamer,7,0.1439550518989563,0.14512407779693604,0.14283472299575806,0.1424078643321991,0.1437499225139618,0.14147041738033295,0.14045794308185577
ParlaMint-NL-en_2022-06-08-tweedekamer-8,2022-06-08,tweedekamer,8,0.14345210790634155,0.14376018941402435,0.1412847340106964,0.14306962490081787,0.14430487155914307,0.14215485751628876,0.1419735699892044
ParlaMint-NL-en_2022-06-08-tweedekamer-9,2022-06-08,tweedekamer,9,0.14075644314289093,0.14011812210083008,0.14132189750671387,0.1404159963130951,0.14890611171722412,0.14452262222766876,0.14395879209041595
ParlaMint-NL-en_2022-06-09-tweedekamer-4,2022-06-09,tweedekamer,4,0.1454467475414276,0.1444762647151947,0.14101997017860413,0.14407265186309814,0.1375948041677475,0.14476847648620605,0.14262107014656067
ParlaMint-NL-en_2022-06-09-tweedekamer-5,2022-06-09,tweedekamer,5,0.14404253661632538,0.1412661373615265,0.1422291249036789,0.14281690120697021,0.14489468932151794,0.14197270572185516,0.14277788996696472
ParlaMint-NL-en_2022-06-09-tweedekamer-8,2022-06-09,tweedekamer,8,0.14369674026966095,0.1407403200864792,0.1433868706226349,0.14440271258354187,0.14115814864635468,0.1413525938987732,0.14526264369487762
ParlaMint-NL-en_2022-06-14-eerstekamer-10,2022-06-14,eerstekamer,10,0.14413578808307648,0.14518114924430847,0.14182904362678528,0.14309155941009521,0.1446281224489212,0.14326699078083038,0.13786739110946655
ParlaMint-NL-en_2022-06-14-eerstekamer-11,2022-06-14,eerstekamer,11,0.14060822129249573,0.14300544559955597,0.14331626892089844,0.1435433030128479,0.14173126220703125,0.1442922204732895,0.14350329339504242
ParlaMint-NL-en_2022-06-14-eerstekamer-3,2022-06-14,eerstekamer,3,0.15051569044589996,0.14001649618148804,0.14117904007434845,0.14063575863838196,0.142753466963768,0.14180254936218262,0.14309701323509216
ParlaMint-NL-en_2022-06-14-tweedekamer-22,2022-06-14,tweedekamer,22,0.14381830394268036,0.14262335002422333,0.14409519731998444,0.14513154327869415,0.13812841475009918,0.14331094920635223,0.14289218187332153
ParlaMint-NL-en_2022-06-14-tweedekamer-23,2022-06-14,tweedekamer,23,0.14333286881446838,0.14095807075500488,0.1420423984527588,0.14278988540172577,0.14364610612392426,0.1438484638929367,0.14338219165802002
ParlaMint-NL-en_2022-06-14-tweedekamer-24,2022-06-14,tweedekamer,24,0.1380298137664795,0.1417311728000641,0.14492498338222504,0.14427517354488373,0.14165058732032776,0.1442258059978485,0.14516255259513855
ParlaMint-NL-en_2022-06-14-tweedekamer-25,2022-06-14,tweedekamer,25,0.1501743644475937,0.13798029720783234,0.14259442687034607,0.1429475098848343,0.14542561769485474,0.14191198348999023,0.13896581530570984
ParlaMint-NL-en_2022-06-14-tweedekamer-26,2022-06-14,tweedekamer,26,0.13977769017219543,0.1408911496400833,0.1424105167388916,0.1461099535226822,0.14377151429653168,0.14348465204238892,0.14355459809303284
ParlaMint-NL-en_2022-06-14-tweedekamer-27,2022-06-14,tweedekamer,27,0.14257709681987762,0.14760427176952362,0.14267081022262573,0.1393975019454956,0.1382177323102951,0.1426977664232254,0.1468348503112793
ParlaMint-NL-en_2022-06-15-tweedekamer-2,2022-06-15,tweedekamer,2,0.14308860898017883,0.14140449464321136,0.14163784682750702,0.14276763796806335,0.14491915702819824,0.1436741054058075,0.14250822365283966
ParlaMint-NL-en_2022-06-15-tweedekamer-4,2022-06-15,tweedekamer,4,0.1436118334531784,0.14235922694206238,0.14127075672149658,0.1416720747947693,0.1452106088399887,0.14122973382472992,0.1446457952260971
ParlaMint-NL-en_2022-06-15-tweedekamer-6,2022-06-15,tweedekamer,6,0.14397813379764557,0.14111919701099396,0.1431799679994583,0.14219780266284943,0.1451610028743744,0.1411322057247162,0.14323170483112335
ParlaMint-NL-en_2022-06-15-tweedekamer-7,2022-06-15,tweedekamer,7,0.14685378968715668,0.1430692970752716,0.14436082541942596,0.14292635023593903,0.1393192559480667,0.14133088290691376,0.14213967323303223
ParlaMint-NL-en_2022-06-15-tweedekamer-8,2022-06-15,tweedekamer,8,0.1467694789171219,0.1410747468471527,0.14571648836135864,0.13710814714431763,0.14670425653457642,0.140621155500412,0.14200571179389954
ParlaMint-NL-en_2022-06-16-tweedekamer-10,2022-06-16,tweedekamer,10,0.14402787387371063,0.14171023666858673,0.14229930937290192,0.1412143111228943,0.1442113220691681,0.14543037116527557,0.141106516122818
ParlaMint-NL-en_2022-06-16-tweedekamer-11,2022-06-16,tweedekamer,11,0.1429077684879303,0.14182595908641815,0.1413452923297882,0.14309781789779663,0.14489607512950897,0.14244648814201355,0.1434805542230606
ParlaMint-NL-en_2022-06-16-tweedekamer-4,2022-06-16,tweedekamer,4,0.144537553191185,0.1422719955444336,0.13966865837574005,0.1460595279932022,0.14213061332702637,0.14330703020095825,0.14202451705932617
ParlaMint-NL-en_2022-06-16-tweedekamer-5,2022-06-16,tweedekamer,5,0.14542071521282196,0.14431312680244446,0.14247234165668488,0.14598166942596436,0.1362220197916031,0.14278747141361237,0.1428026407957077
ParlaMint-NL-en_2022-06-16-tweedekamer-6,2022-06-16,tweedekamer,6,0.1418156921863556,0.14296306669712067,0.14289399981498718,0.13900218904018402,0.14426107704639435,0.14530278742313385,0.14376120269298553
ParlaMint-NL-en_2022-06-21-eerstekamer-7,2022-06-21,eerstekamer,7,0.14238020777702332,0.13848017156124115,0.14487288892269135,0.14573320746421814,0.1436503678560257,0.14061126112937927,0.1442718505859375
ParlaMint-NL-en_2022-06-21-tweedekamer-23,2022-06-21,tweedekamer,23,0.14406093955039978,0.13998615741729736,0.14215223491191864,0.1438342183828354,0.14215682446956635,0.14227424561977386,0.14553536474704742
ParlaMint-NL-en_2022-06-21-tweedekamer-24,2022-06-21,tweedekamer,24,0.14511245489120483,0.13986380398273468,0.14482635259628296,0.14217446744441986,0.1384061872959137,0.1449851095676422,0.14463159441947937
ParlaMint-NL-en_2022-06-21-tweedekamer-25,2022-06-21,tweedekamer,25,0.144492506980896,0.13939183950424194,0.14603568613529205,0.14361634850502014,0.13958533108234406,0.14249034225940704,0.14438793063163757
ParlaMint-NL-en_2022-06-22-tweedekamer-12,2022-06-22,tweedekamer,12,0.14292150735855103,0.14526543021202087,0.14189238846302032,0.14163653552532196,0.14143168926239014,0.14344961941242218,0.14340278506278992
ParlaMint-NL-en_2022-06-22-tweedekamer-13,2022-06-22,tweedekamer,13,0.14714886248111725,0.14465606212615967,0.14218461513519287,0.1455381065607071,0.14140290021896362,0.14506277441978455,0.13400660455226898
ParlaMint-NL-en_2022-06-22-tweedekamer-14,2022-06-22,tweedekamer,14,0.14410710334777832,0.14281590282917023,0.1422310769557953,0.14108401536941528,0.1449408084154129,0.1412920504808426,0.1435290426015854
ParlaMint-NL-en_2022-06-22-tweedekamer-3,2022-06-22,tweedekamer,3,0.14473865926265717,0.14360235631465912,0.14229992032051086,0.14355981349945068,0.14192183315753937,0.14136247336864471,0.1425149291753769
ParlaMint-NL-en_2022-06-22-tweedekamer-4,2022-06-22,tweedekamer,4,0.1472524255514145,0.13768666982650757,0.15002496540546417,0.14342239499092102,0.15132419764995575,0.12866848707199097,0.14162082970142365
ParlaMint-NL-en_2022-06-22-tweedekamer-7,2022-06-22,tweedekamer,7,0.1442030966281891,0.14291997253894806,0.14268751442432404,0.1415868103504181,0.14364968240261078,0.1428840011358261,0.14206889271736145
ParlaMint-NL-en_2022-06-22-tweedekamer-8,2022-06-22,tweedekamer,8,0.14988943934440613,0.14130710065364838,0.13872063159942627,0.1407184898853302,0.14211934804916382,0.14430026710033417,0.14294475317001343
ParlaMint-NL-en_2022-06-23-tweedekamer-4,2022-06-23,tweedekamer,4,0.14507199823856354,0.14082059264183044,0.14406396448612213,0.14432501792907715,0.1464979648590088,0.13968531787395477,0.13953515887260437
ParlaMint-NL-en_2022-06-23-tweedekamer-7,2022-06-23,tweedekamer,7,0.1460438370704651,0.14470355212688446,0.13734334707260132,0.14407093822956085,0.14488878846168518,0.14187562465667725,0.14107394218444824
ParlaMint-NL-en_2022-06-28-eerstekamer-3,2022-06-28,eerstekamer,3,0.14112776517868042,0.1414085477590561,0.14120429754257202,0.14591680467128754,0.14648273587226868,0.14268341660499573,0.14117637276649475
ParlaMint-NL-en_2022-06-28-eerstekamer-7,2022-06-28,eerstekamer,7,0.1426456868648529,0.14216813445091248,0.14479011297225952,0.14302034676074982,0.14277732372283936,0.1419576108455658,0.14264078438282013
ParlaMint-NL-en_2022-06-28-eerstekamer-8,2022-06-28,eerstekamer,8,0.14375048875808716,0.1407678872346878,0.14443908631801605,0.14455431699752808,0.14341086149215698,0.14178957045078278,0.14128784835338593
ParlaMint-NL-en_2022-06-28-eerstekamer-9,2022-06-28,eerstekamer,9,0.13804741203784943,0.14577844738960266,0.1398242563009262,0.14322087168693542,0.1462865173816681,0.14456434547901154,0.14227811992168427
ParlaMint-NL-en_2022-06-28-tweedekamer-29,2022-06-28,tweedekamer,29,0.14582516252994537,0.1360902339220047,0.14206916093826294,0.14307790994644165,0.14422117173671722,0.1427050530910492,0.1460113823413849
ParlaMint-NL-en_2022-06-28-tweedekamer-30,2022-06-28,tweedekamer,30,0.14407679438591003,0.13969725370407104,0.1430056095123291,0.14554108679294586,0.14194917678833008,0.14261320233345032,0.14311693608760834
ParlaMint-NL-en_2022-06-28-tweedekamer-31,2022-06-28,tweedekamer,31,0.14297054708003998,0.1412176787853241,0.14092664420604706,0.14671586453914642,0.14528824388980865,0.14153975248336792,0.14134128391742706
ParlaMint-NL-en_2022-06-29-tweedekamer-10,2022-06-29,tweedekamer,10,0.1441061794757843,0.13952578604221344,0.141569584608078,0.14285261929035187,0.14538872241973877,0.1433645784854889,0.14319249987602234
ParlaMint-NL-en_2022-06-29-tweedekamer-11,2022-06-29,tweedekamer,11,0.14330139756202698,0.14058493077754974,0.14134788513183594,0.14403261244297028,0.14461849629878998,0.1423569768667221,0.14375771582126617
ParlaMint-NL-en_2022-06-29-tweedekamer-12,2022-06-29,tweedekamer,12,0.14812880754470825,0.1390402913093567,0.14413264393806458,0.1451091170310974,0.13821212947368622,0.1429671049118042,0.14240984618663788
ParlaMint-NL-en_2022-06-29-tweedekamer-3,2022-06-29,tweedekamer,3,0.14526045322418213,0.14342154562473297,0.1359182745218277,0.14363913238048553,0.13888315856456757,0.14412365853786469,0.14875373244285583
ParlaMint-NL-en_2022-06-29-tweedekamer-4,2022-06-29,tweedekamer,4,0.13905785977840424,0.14682318270206451,0.13796579837799072,0.13962793350219727,0.1336250901222229,0.1488753855228424,0.15402477979660034
ParlaMint-NL-en_2022-06-29-tweedekamer-6,2022-06-29,tweedekamer,6,0.14313490688800812,0.14252038300037384,0.1427386850118637,0.14301154017448425,0.14286160469055176,0.1423148512840271,0.1434180587530136
ParlaMint-NL-en_2022-06-29-tweedekamer-7,2022-06-29,tweedekamer,7,0.14455550909042358,0.14310938119888306,0.14245182275772095,0.14242908358573914,0.14206181466579437,0.1437910795211792,0.14160138368606567
ParlaMint-NL-en_2022-06-30-tweedekamer-4,2022-06-30,tweedekamer,4,0.1453494429588318,0.13956865668296814,0.14229591190814972,0.14521822333335876,0.14564406871795654,0.1403205841779709,0.14160308241844177
ParlaMint-NL-en_2022-06-30-tweedekamer-5,2022-06-30,tweedekamer,5,0.14083626866340637,0.14265963435173035,0.13951778411865234,0.14487603306770325,0.14479102194309235,0.14325709640979767,0.14406223595142365
ParlaMint-NL-en_2022-06-30-tweedekamer-8,2022-06-30,tweedekamer,8,0.13944879174232483,0.1472214311361313,0.14212961494922638,0.14488984644412994,0.14491203427314758,0.14172481000423431,0.13967345654964447
ParlaMint-NL-en_2022-06-30-tweedekamer-9,2022-06-30,tweedekamer,9,0.14640657603740692,0.14244630932807922,0.14338086545467377,0.1436818689107895,0.14451073110103607,0.14155584573745728,0.13801775872707367
ParlaMint-NL-en_2022-07-05-eerstekamer-14,2022-07-05,eerstekamer,14,0.1420510858297348,0.14441321790218353,0.1419425755739212,0.1432366520166397,0.14299079775810242,0.14213517308235168,0.14323051273822784
ParlaMint-NL-en_2022-07-05-eerstekamer-3,2022-07-05,eerstekamer,3,0.14893625676631927,0.14201468229293823,0.14244866371154785,0.1384267807006836,0.1481771320104599,0.13836538791656494,0.14163117110729218
ParlaMint-NL-en_2022-07-05-tweedekamer-34,2022-07-05,tweedekamer,34,0.13992954790592194,0.14632278680801392,0.14208215475082397,0.14228667318820953,0.14570583403110504,0.1422448456287384,0.1414281129837036
ParlaMint-NL-en_2022-07-05-tweedekamer-35,2022-07-05,tweedekamer,35,0.14543262124061584,0.14300428330898285,0.14371459186077118,0.144977867603302,0.13875409960746765,0.1409241110086441,0.1431923359632492
ParlaMint-NL-en_2022-07-05-tweedekamer-36,2022-07-05,tweedekamer,36,0.1413317620754242,0.14512784779071808,0.14155307412147522,0.144134059548378,0.14311793446540833,0.14314241707324982,0.14159289002418518
ParlaMint-NL-en_2022-07-05-tweedekamer-37,2022-07-05,tweedekamer,37,0.14366956055164337,0.14374558627605438,0.14281035959720612,0.14244778454303741,0.1393343061208725,0.14308162033557892,0.1449108123779297
ParlaMint-NL-en_2022-07-06-tweedekamer-12,2022-07-06,tweedekamer,12,0.1443113088607788,0.1411687433719635,0.13983683288097382,0.14520171284675598,0.14782392978668213,0.14024485647678375,0.14141257107257843
ParlaMint-NL-en_2022-07-06-tweedekamer-13,2022-07-06,tweedekamer,13,0.14166060090065002,0.14236226677894592,0.14172306656837463,0.14499834179878235,0.14168740808963776,0.14479167759418488,0.14277657866477966
ParlaMint-NL-en_2022-07-06-tweedekamer-14,2022-07-06,tweedekamer,14,0.14479102194309235,0.14001446962356567,0.14443524181842804,0.142071932554245,0.14297857880592346,0.14334820210933685,0.14236052334308624
ParlaMint-NL-en_2022-07-06-tweedekamer-15,2022-07-06,tweedekamer,15,0.14098815619945526,0.14281967282295227,0.14155781269073486,0.14316079020500183,0.1467863768339157,0.14278334379196167,0.141903817653656
ParlaMint-NL-en_2022-07-06-tweedekamer-16,2022-07-06,tweedekamer,16,0.1505785882472992,0.13538731634616852,0.14371727406978607,0.14366120100021362,0.14201529324054718,0.14161738753318787,0.14302296936511993
ParlaMint-NL-en_2022-07-06-tweedekamer-17,2022-07-06,tweedekamer,17,0.1444500833749771,0.13989557325839996,0.13947927951812744,0.14594364166259766,0.14085090160369873,0.14449498057365417,0.14488549530506134
ParlaMint-NL-en_2022-07-06-tweedekamer-18,2022-07-06,tweedekamer,18,0.14207886159420013,0.14216306805610657,0.14429853856563568,0.14344440400600433,0.1407116800546646,0.14339086413383484,0.14391258358955383
ParlaMint-NL-en_2022-07-06-tweedekamer-3,2022-07-06,tweedekamer,3,0.14304347336292267,0.14452293515205383,0.14260320365428925,0.14313015341758728,0.14053656160831451,0.14254234731197357,0.14362134039402008
ParlaMint-NL-en_2022-07-06-tweedekamer-5,2022-07-06,tweedekamer,5,0.14597247540950775,0.1441926509141922,0.14213502407073975,0.14418767392635345,0.1435360312461853,0.14060619473457336,0.139369934797287
ParlaMint-NL-en_2022-07-06-tweedekamer-6,2022-07-06,tweedekamer,6,0.14680369198322296,0.13246650993824005,0.14364896714687347,0.1468743234872818,0.14258992671966553,0.14233005046844482,0.14528654515743256
ParlaMint-NL-en_2022-07-06-tweedekamer-7,2022-07-06,tweedekamer,7,0.14569883048534393,0.14541414380073547,0.14365853369235992,0.14321379363536835,0.13940700888633728,0.14153094589710236,0.14107675850391388
ParlaMint-NL-en_2022-07-06-tweedekamer-8,2022-07-06,tweedekamer,8,0.14318406581878662,0.14268448948860168,0.14168719947338104,0.14237989485263824,0.14667832851409912,0.1421930491924286,0.1411929428577423
ParlaMint-NL-en_2022-07-06-tweedekamer-9,2022-07-06,tweedekamer,9,0.14218997955322266,0.14315582811832428,0.14239037036895752,0.14299511909484863,0.14175041019916534,0.14345702528953552,0.14406122267246246
ParlaMint-NL-en_2022-07-11-eerstekamer-3,2022-07-11,eerstekamer,3,0.14501690864562988,0.14371158182621002,0.14458107948303223,0.14379557967185974,0.13851003348827362,0.14269647002220154,0.14168833196163177
ParlaMint-NL-en_2022-07-12-eerstekamer-14,2022-07-12,eerstekamer,14,0.14454957842826843,0.14190120995044708,0.13949191570281982,0.14580225944519043,0.14524222910404205,0.1401611715555191,0.14285162091255188
ParlaMint-NL-en_2022-07-12-eerstekamer-15,2022-07-12,eerstekamer,15,0.14223657548427582,0.14368927478790283,0.1429695039987564,0.1421528160572052,0.14209875464439392,0.14364516735076904,0.14320790767669678
ParlaMint-NL-en_2022-07-12-eerstekamer-16,2022-07-12,eerstekamer,16,0.1440388411283493,0.1433982104063034,0.1438458412885666,0.14290586113929749,0.14082615077495575,0.14396582543849945,0.14101924002170563
ParlaMint-NL-en_2022-07-12-eerstekamer-2,2022-07-12,eerstekamer,2,0.14525657892227173,0.13883055746555328,0.14477787911891937,0.14495190978050232,0.1388349086046219,0.14335837960243225,0.14398983120918274
ParlaMint-NL-en_2022-07-12-eerstekamer-3,2022-07-12,eerstekamer,3,0.14783093333244324,0.1431661993265152,0.1421625316143036,0.14270007610321045,0.1380901336669922,0.14191144704818726,0.14413870871067047
ParlaMint-NL-en_2022-07-12-eerstekamer-32,2022-07-12,eerstekamer,32,0.14470049738883972,0.1407877504825592,0.14478154480457306,0.1445203572511673,0.14712753891944885,0.13682159781455994,0.14126071333885193
